Provider,PotentialFraud
PRV51001,NO
PRV51003,YES
PRV51004,NO
PRV51005,YES
PRV51007,NO
PRV51008,NO
PRV51011,NO
PRV51012,NO
PRV51013,NO
PRV51014,NO
PRV51015,NO
PRV51016,NO
PRV51017,NO
PRV51021,YES
PRV51023,NO
PRV51024,NO
PRV51025,NO
PRV51026,NO
PRV51027,NO
PRV51029,NO
PRV51030,NO
PRV51031,NO
PRV51032,NO
PRV51035,NO
PRV51036,NO
PRV51037,YES
PRV51038,NO
PRV51040,NO
PRV51041,NO
PRV51042,NO
PRV51043,NO
PRV51044,NO
PRV51045,NO
PRV51046,NO
PRV51047,NO
PRV51048,NO
PRV51049,NO
PRV51052,YES
PRV51053,NO
PRV51054,NO
PRV51055,NO
PRV51056,NO
PRV51057,NO
PRV51058,NO
PRV51059,YES
PRV51060,NO
PRV51061,NO
PRV51062,NO
PRV51063,NO
PRV51064,YES
PRV51065,NO
PRV51066,NO
PRV51067,YES
PRV51068,NO
PRV51070,NO
PRV51071,NO
PRV51072,NO
PRV51074,NO
PRV51075,NO
PRV51076,NO
PRV51077,YES
PRV51078,NO
PRV51081,NO
PRV51082,NO
PRV51083,NO
PRV51084,YES
PRV51086,NO
PRV51089,NO
PRV51090,NO
PRV51091,NO
PRV51093,NO
PRV51096,NO
PRV51097,NO
PRV51098,NO
PRV51100,NO
PRV51101,NO
PRV51102,NO
PRV51103,YES
PRV51104,NO
PRV51105,NO
PRV51108,NO
PRV51109,NO
PRV51110,NO
PRV51111,NO
PRV51112,NO
PRV51113,NO
PRV51114,NO
PRV51115,NO
PRV51117,NO
PRV51118,NO
PRV51119,YES
PRV51120,NO
PRV51121,NO
PRV51122,NO
PRV51123,NO
PRV51125,NO
PRV51126,YES
PRV51128,NO
PRV51129,NO
PRV51130,NO
PRV51131,NO
PRV51132,NO
PRV51134,NO
PRV51135,NO
PRV51136,NO
PRV51137,NO
PRV51138,NO
PRV51139,NO
PRV51140,NO
PRV51141,NO
PRV51142,NO
PRV51143,NO
PRV51144,NO
PRV51145,YES
PRV51146,YES
PRV51147,NO
PRV51148,YES
PRV51149,YES
PRV51151,NO
PRV51152,NO
PRV51153,NO
PRV51154,NO
PRV51155,NO
PRV51156,NO
PRV51159,YES
PRV51160,NO
PRV51164,NO
PRV51165,NO
PRV51166,NO
PRV51167,NO
PRV51168,NO
PRV51169,NO
PRV51170,YES
PRV51171,NO
PRV51173,YES
PRV51175,NO
PRV51176,NO
PRV51178,YES
PRV51179,NO
PRV51180,NO
PRV51181,NO
PRV51183,NO
PRV51185,NO
PRV51186,NO
PRV51189,NO
PRV51190,NO
PRV51191,NO
PRV51194,NO
PRV51196,NO
PRV51198,NO
PRV51200,NO
PRV51201,NO
PRV51202,NO
PRV51203,NO
PRV51204,NO
PRV51205,NO
PRV51206,NO
PRV51207,NO
PRV51209,NO
PRV51210,NO
PRV51211,NO
PRV51212,NO
PRV51213,NO
PRV51214,NO
PRV51215,NO
PRV51216,NO
PRV51217,NO
PRV51218,NO
PRV51219,NO
PRV51221,NO
PRV51222,NO
PRV51224,NO
PRV51225,NO
PRV51226,NO
PRV51228,NO
PRV51229,NO
PRV51230,NO
PRV51231,NO
PRV51232,NO
PRV51233,NO
PRV51234,NO
PRV51235,NO
PRV51236,NO
PRV51237,NO
PRV51238,NO
PRV51239,NO
PRV51240,NO
PRV51241,NO
PRV51242,YES
PRV51243,NO
PRV51244,YES
PRV51245,NO
PRV51247,NO
PRV51248,NO
PRV51249,YES
PRV51250,NO
PRV51251,NO
PRV51252,NO
PRV51253,NO
PRV51255,NO
PRV51256,NO
PRV51258,NO
PRV51259,NO
PRV51260,NO
PRV51261,NO
PRV51262,NO
PRV51263,YES
PRV51264,NO
PRV51265,NO
PRV51266,NO
PRV51267,NO
PRV51271,NO
PRV51272,NO
PRV51273,NO
PRV51274,NO
PRV51276,NO
PRV51277,NO
PRV51279,NO
PRV51280,NO
PRV51281,NO
PRV51282,NO
PRV51284,NO
PRV51285,NO
PRV51286,NO
PRV51287,NO
PRV51288,NO
PRV51289,NO
PRV51290,NO
PRV51292,NO
PRV51293,NO
PRV51295,NO
PRV51296,NO
PRV51297,NO
PRV51298,NO
PRV51299,NO
PRV51300,NO
PRV51301,NO
PRV51302,NO
PRV51303,NO
PRV51304,NO
PRV51305,NO
PRV51306,NO
PRV51307,NO
PRV51308,NO
PRV51309,NO
PRV51311,NO
PRV51312,NO
PRV51313,NO
PRV51314,NO
PRV51315,NO
PRV51316,NO
PRV51318,NO
PRV51322,NO
PRV51323,NO
PRV51324,NO
PRV51325,NO
PRV51326,NO
PRV51327,NO
PRV51328,NO
PRV51329,NO
PRV51330,NO
PRV51331,NO
PRV51334,NO
PRV51335,NO
PRV51336,NO
PRV51337,YES
PRV51338,YES
PRV51340,NO
PRV51341,NO
PRV51342,NO
PRV51344,NO
PRV51345,NO
PRV51346,NO
PRV51347,YES
PRV51348,NO
PRV51349,NO
PRV51350,NO
PRV51351,NO
PRV51352,NO
PRV51353,NO
PRV51354,NO
PRV51355,NO
PRV51356,NO
PRV51357,YES
PRV51358,NO
PRV51360,NO
PRV51361,NO
PRV51362,NO
PRV51363,NO
PRV51364,NO
PRV51366,NO
PRV51368,NO
PRV51369,YES
PRV51371,NO
PRV51376,NO
PRV51377,NO
PRV51378,YES
PRV51379,NO
PRV51380,NO
PRV51382,NO
PRV51383,NO
PRV51386,NO
PRV51387,NO
PRV51388,NO
PRV51389,NO
PRV51390,YES
PRV51391,NO
PRV51392,NO
PRV51393,YES
PRV51394,NO
PRV51395,NO
PRV51396,NO
PRV51397,NO
PRV51398,NO
PRV51399,YES
PRV51401,YES
PRV51403,NO
PRV51404,NO
PRV51405,NO
PRV51406,NO
PRV51408,NO
PRV51409,NO
PRV51410,YES
PRV51412,NO
PRV51414,NO
PRV51415,NO
PRV51416,NO
PRV51418,NO
PRV51419,NO
PRV51421,YES
PRV51422,NO
PRV51423,NO
PRV51424,NO
PRV51425,NO
PRV51426,YES
PRV51427,NO
PRV51428,NO
PRV51429,NO
PRV51430,NO
PRV51431,NO
PRV51432,NO
PRV51433,YES
PRV51434,YES
PRV51435,NO
PRV51436,NO
PRV51437,NO
PRV51438,NO
PRV51439,NO
PRV51440,NO
PRV51441,NO
PRV51442,NO
PRV51443,NO
PRV51444,NO
PRV51446,NO
PRV51447,YES
PRV51448,NO
PRV51449,NO
PRV51451,NO
PRV51453,NO
PRV51454,NO
PRV51455,NO
PRV51456,NO
PRV51458,NO
PRV51459,YES
PRV51460,NO
PRV51462,NO
PRV51464,NO
PRV51465,NO
PRV51466,NO
PRV51467,NO
PRV51468,NO
PRV51469,NO
PRV51470,NO
PRV51471,YES
PRV51472,NO
PRV51474,NO
PRV51475,NO
PRV51476,NO
PRV51477,NO
PRV51478,NO
PRV51479,NO
PRV51480,YES
PRV51482,YES
PRV51483,NO
PRV51484,NO
PRV51486,NO
PRV51487,NO
PRV51488,NO
PRV51490,YES
PRV51491,NO
PRV51492,NO
PRV51494,NO
PRV51495,YES
PRV51496,NO
PRV51497,NO
PRV51499,NO
PRV51500,NO
PRV51501,YES
PRV51502,NO
PRV51503,NO
PRV51504,NO
PRV51505,NO
PRV51507,YES
PRV51508,NO
PRV51509,NO
PRV51510,NO
PRV51511,NO
PRV51514,NO
PRV51515,NO
PRV51516,NO
PRV51517,NO
PRV51518,NO
PRV51521,NO
PRV51522,NO
PRV51523,NO
PRV51525,NO
PRV51526,NO
PRV51527,NO
PRV51528,NO
PRV51529,NO
PRV51531,NO
PRV51532,NO
PRV51533,NO
PRV51534,NO
PRV51535,NO
PRV51536,NO
PRV51539,YES
PRV51540,NO
PRV51541,NO
PRV51542,YES
PRV51544,NO
PRV51546,NO
PRV51547,NO
PRV51549,NO
PRV51550,NO
PRV51551,NO
PRV51552,NO
PRV51553,NO
PRV51554,NO
PRV51555,NO
PRV51556,NO
PRV51557,NO
PRV51558,NO
PRV51560,YES
PRV51562,NO
PRV51563,NO
PRV51564,NO
PRV51566,NO
PRV51567,YES
PRV51568,NO
PRV51569,NO
PRV51570,NO
PRV51571,NO
PRV51572,NO
PRV51573,NO
PRV51574,YES
PRV51576,NO
PRV51577,NO
PRV51578,YES
PRV51579,NO
PRV51580,NO
PRV51582,NO
PRV51583,NO
PRV51584,YES
PRV51585,NO
PRV51586,YES
PRV51587,NO
PRV51588,NO
PRV51590,YES
PRV51592,NO
PRV51593,YES
PRV51595,NO
PRV51596,NO
PRV51598,NO
PRV51599,NO
PRV51600,NO
PRV51601,NO
PRV51602,NO
PRV51604,YES
PRV51605,NO
PRV51606,NO
PRV51607,NO
PRV51608,NO
PRV51609,NO
PRV51610,NO
PRV51611,NO
PRV51612,NO
PRV51613,NO
PRV51614,YES
PRV51616,NO
PRV51617,NO
PRV51618,NO
PRV51619,NO
PRV51620,NO
PRV51621,NO
PRV51622,NO
PRV51623,NO
PRV51624,NO
PRV51625,NO
PRV51626,NO
PRV51627,NO
PRV51628,NO
PRV51629,NO
PRV51630,NO
PRV51631,NO
PRV51632,NO
PRV51634,NO
PRV51635,NO
PRV51636,NO
PRV51637,NO
PRV51638,NO
PRV51639,NO
PRV51640,NO
PRV51641,NO
PRV51642,NO
PRV51644,NO
PRV51645,NO
PRV51647,NO
PRV51650,NO
PRV51652,NO
PRV51653,NO
PRV51654,NO
PRV51655,NO
PRV51656,NO
PRV51657,NO
PRV51658,NO
PRV51660,NO
PRV51661,NO
PRV51664,NO
PRV51665,NO
PRV51666,NO
PRV51668,NO
PRV51669,NO
PRV51670,NO
PRV51671,NO
PRV51672,NO
PRV51673,NO
PRV51674,NO
PRV51675,NO
PRV51676,NO
PRV51678,NO
PRV51679,NO
PRV51681,NO
PRV51682,NO
PRV51685,NO
PRV51687,NO
PRV51688,NO
PRV51689,NO
PRV51690,NO
PRV51691,NO
PRV51692,NO
PRV51693,NO
PRV51694,NO
PRV51695,NO
PRV51696,NO
PRV51697,NO
PRV51698,NO
PRV51699,NO
PRV51702,NO
PRV51703,NO
PRV51704,NO
PRV51705,NO
PRV51706,NO
PRV51707,NO
PRV51708,NO
PRV51709,NO
PRV51710,NO
PRV51711,NO
PRV51712,NO
PRV51713,NO
PRV51715,NO
PRV51716,NO
PRV51718,NO
PRV51719,NO
PRV51720,NO
PRV51721,NO
PRV51722,NO
PRV51723,NO
PRV51724,NO
PRV51725,NO
PRV51726,NO
PRV51727,NO
PRV51729,NO
PRV51731,NO
PRV51732,NO
PRV51733,NO
PRV51734,NO
PRV51735,NO
PRV51736,NO
PRV51737,NO
PRV51738,NO
PRV51739,NO
PRV51740,NO
PRV51741,NO
PRV51742,NO
PRV51743,NO
PRV51744,NO
PRV51745,NO
PRV51746,NO
PRV51747,NO
PRV51748,NO
PRV51749,NO
PRV51750,NO
PRV51751,NO
PRV51752,NO
PRV51753,NO
PRV51754,NO
PRV51755,NO
PRV51758,NO
PRV51759,NO
PRV51761,NO
PRV51762,NO
PRV51763,NO
PRV51764,NO
PRV51765,NO
PRV51766,NO
PRV51767,NO
PRV51769,NO
PRV51770,NO
PRV51771,NO
PRV51773,NO
PRV51774,NO
PRV51775,NO
PRV51776,NO
PRV51778,NO
PRV51779,NO
PRV51780,NO
PRV51781,NO
PRV51784,NO
PRV51786,NO
PRV51787,NO
PRV51788,NO
PRV51789,NO
PRV51790,NO
PRV51792,NO
PRV51793,NO
PRV51794,NO
PRV51795,NO
PRV51796,NO
PRV51797,NO
PRV51798,NO
PRV51799,NO
PRV51801,NO
PRV51802,NO
PRV51803,NO
PRV51805,YES
PRV51806,NO
PRV51807,NO
PRV51809,NO
PRV51810,NO
PRV51811,NO
PRV51812,NO
PRV51813,NO
PRV51815,NO
PRV51816,NO
PRV51818,YES
PRV51819,NO
PRV51820,NO
PRV51821,NO
PRV51822,NO
PRV51823,NO
PRV51824,NO
PRV51826,YES
PRV51827,NO
PRV51828,NO
PRV51829,NO
PRV51830,NO
PRV51831,NO
PRV51833,NO
PRV51836,YES
PRV51837,NO
PRV51838,NO
PRV51840,YES
PRV51841,NO
PRV51842,YES
PRV51843,NO
PRV51845,NO
PRV51846,NO
PRV51847,NO
PRV51848,NO
PRV51849,NO
PRV51851,YES
PRV51852,NO
PRV51855,NO
PRV51856,NO
PRV51857,YES
PRV51858,NO
PRV51859,NO
PRV51860,NO
PRV51861,NO
PRV51862,NO
PRV51863,NO
PRV51864,NO
PRV51865,NO
PRV51867,NO
PRV51868,YES
PRV51869,NO
PRV51870,NO
PRV51871,NO
PRV51872,NO
PRV51873,YES
PRV51874,NO
PRV51875,NO
PRV51876,YES
PRV51877,NO
PRV51878,NO
PRV51879,NO
PRV51884,NO
PRV51885,NO
PRV51886,NO
PRV51887,NO
PRV51888,NO
PRV51889,NO
PRV51890,NO
PRV51891,NO
PRV51892,NO
PRV51894,NO
PRV51895,NO
PRV51896,NO
PRV51897,NO
PRV51898,NO
PRV51899,NO
PRV51901,NO
PRV51902,NO
PRV51905,NO
PRV51906,NO
PRV51908,NO
PRV51909,NO
PRV51910,NO
PRV51911,NO
PRV51913,NO
PRV51914,NO
PRV51915,NO
PRV51916,NO
PRV51917,NO
PRV51918,NO
PRV51919,NO
PRV51920,YES
PRV51921,NO
PRV51922,NO
PRV51923,NO
PRV51924,NO
PRV51925,NO
PRV51926,NO
PRV51927,NO
PRV51928,NO
PRV51929,NO
PRV51930,NO
PRV51931,NO
PRV51932,NO
PRV51933,NO
PRV51934,NO
PRV51935,NO
PRV51936,NO
PRV51937,NO
PRV51938,NO
PRV51940,YES
PRV51941,NO
PRV51942,NO
PRV51943,NO
PRV51944,NO
PRV51946,NO
PRV51947,NO
PRV51948,YES
PRV51949,NO
PRV51950,NO
PRV51951,YES
PRV51952,NO
PRV51954,NO
PRV51956,NO
PRV51957,NO
PRV51958,NO
PRV51959,NO
PRV51960,NO
PRV51961,NO
PRV51963,NO
PRV51964,NO
PRV51965,NO
PRV51966,NO
PRV51967,NO
PRV51968,NO
PRV51969,NO
PRV51970,NO
PRV51972,NO
PRV51973,NO
PRV51974,NO
PRV51976,NO
PRV51977,NO
PRV51978,NO
PRV51979,YES
PRV51981,NO
PRV51983,NO
PRV51984,NO
PRV51987,NO
PRV51988,NO
PRV51989,NO
PRV51990,NO
PRV51991,NO
PRV51992,NO
PRV51993,NO
PRV51994,NO
PRV51995,NO
PRV51996,NO
PRV51998,NO
PRV51999,NO
PRV52001,NO
PRV52002,YES
PRV52003,NO
PRV52004,NO
PRV52007,NO
PRV52008,NO
PRV52009,NO
PRV52010,NO
PRV52011,NO
PRV52012,NO
PRV52013,NO
PRV52014,NO
PRV52017,NO
PRV52019,YES
PRV52020,YES
PRV52021,YES
PRV52022,NO
PRV52024,NO
PRV52025,NO
PRV52026,NO
PRV52027,NO
PRV52028,NO
PRV52029,NO
PRV52030,YES
PRV52031,NO
PRV52032,YES
PRV52037,NO
PRV52038,NO
PRV52039,NO
PRV52041,YES
PRV52042,NO
PRV52044,NO
PRV52045,YES
PRV52046,NO
PRV52047,NO
PRV52048,NO
PRV52049,NO
PRV52051,NO
PRV52052,NO
PRV52054,NO
PRV52055,NO
PRV52056,NO
PRV52057,NO
PRV52058,NO
PRV52059,YES
PRV52061,NO
PRV52062,NO
PRV52063,NO
PRV52064,YES
PRV52065,YES
PRV52066,YES
PRV52068,NO
PRV52069,NO
PRV52071,NO
PRV52072,NO
PRV52073,NO
PRV52074,NO
PRV52075,NO
PRV52076,NO
PRV52077,YES
PRV52079,NO
PRV52081,NO
PRV52082,NO
PRV52084,NO
PRV52085,NO
PRV52087,NO
PRV52088,NO
PRV52089,YES
PRV52090,NO
PRV52092,NO
PRV52094,NO
PRV52095,NO
PRV52097,NO
PRV52098,NO
PRV52099,NO
PRV52100,YES
PRV52101,NO
PRV52102,NO
PRV52104,NO
PRV52105,NO
PRV52107,NO
PRV52109,NO
PRV52111,NO
PRV52112,NO
PRV52113,NO
PRV52114,YES
PRV52115,YES
PRV52118,NO
PRV52119,YES
PRV52120,YES
PRV52121,NO
PRV52122,NO
PRV52123,YES
PRV52124,YES
PRV52126,NO
PRV52127,NO
PRV52128,NO
PRV52129,NO
PRV52130,NO
PRV52131,NO
PRV52133,NO
PRV52135,YES
PRV52136,NO
PRV52138,NO
PRV52140,NO
PRV52141,NO
PRV52142,NO
PRV52143,NO
PRV52144,NO
PRV52145,NO
PRV52146,NO
PRV52147,YES
PRV52148,NO
PRV52149,NO
PRV52150,NO
PRV52151,YES
PRV52152,NO
PRV52154,NO
PRV52155,NO
PRV52156,NO
PRV52157,NO
PRV52159,NO
PRV52160,NO
PRV52161,NO
PRV52162,NO
PRV52163,NO
PRV52165,YES
PRV52166,NO
PRV52167,NO
PRV52168,NO
PRV52169,NO
PRV52170,NO
PRV52171,NO
PRV52173,YES
PRV52174,NO
PRV52175,NO
PRV52176,NO
PRV52177,NO
PRV52178,YES
PRV52179,NO
PRV52180,NO
PRV52181,YES
PRV52182,NO
PRV52184,NO
PRV52185,NO
PRV52186,NO
PRV52187,NO
PRV52188,NO
PRV52189,NO
PRV52191,NO
PRV52192,NO
PRV52193,NO
PRV52195,YES
PRV52196,NO
PRV52197,NO
PRV52199,NO
PRV52200,NO
PRV52201,NO
PRV52202,NO
PRV52204,NO
PRV52205,NO
PRV52206,NO
PRV52208,NO
PRV52209,NO
PRV52211,NO
PRV52212,NO
PRV52213,NO
PRV52214,NO
PRV52216,NO
PRV52217,NO
PRV52218,NO
PRV52219,NO
PRV52220,NO
PRV52221,NO
PRV52222,NO
PRV52224,NO
PRV52225,NO
PRV52226,NO
PRV52227,NO
PRV52228,NO
PRV52229,NO
PRV52230,NO
PRV52231,NO
PRV52232,NO
PRV52233,NO
PRV52235,NO
PRV52236,NO
PRV52237,NO
PRV52238,NO
PRV52240,NO
PRV52241,NO
PRV52242,NO
PRV52246,NO
PRV52247,NO
PRV52248,NO
PRV52249,NO
PRV52251,NO
PRV52252,NO
PRV52253,NO
PRV52254,NO
PRV52255,NO
PRV52256,NO
PRV52257,NO
PRV52260,NO
PRV52261,NO
PRV52262,NO
PRV52263,NO
PRV52264,NO
PRV52265,NO
PRV52266,NO
PRV52267,NO
PRV52271,NO
PRV52272,NO
PRV52273,NO
PRV52274,NO
PRV52275,NO
PRV52276,NO
PRV52278,NO
PRV52279,NO
PRV52280,YES
PRV52281,NO
PRV52282,NO
PRV52283,YES
PRV52284,NO
PRV52285,NO
PRV52286,NO
PRV52288,NO
PRV52289,NO
PRV52290,NO
PRV52291,NO
PRV52292,YES
PRV52293,NO
PRV52294,NO
PRV52295,NO
PRV52296,NO
PRV52298,NO
PRV52299,NO
PRV52300,NO
PRV52302,NO
PRV52303,NO
PRV52304,NO
PRV52306,NO
PRV52307,YES
PRV52308,YES
PRV52309,NO
PRV52310,NO
PRV52311,NO
PRV52312,NO
PRV52313,NO
PRV52314,NO
PRV52315,NO
PRV52317,NO
PRV52318,NO
PRV52319,NO
PRV52320,YES
PRV52321,YES
PRV52323,NO
PRV52325,YES
PRV52326,NO
PRV52328,NO
PRV52331,NO
PRV52332,NO
PRV52334,NO
PRV52335,NO
PRV52336,NO
PRV52337,YES
PRV52340,YES
PRV52341,NO
PRV52342,NO
PRV52343,YES
PRV52344,NO
PRV52346,NO
PRV52347,YES
PRV52348,NO
PRV52349,NO
PRV52350,NO
PRV52351,NO
PRV52352,NO
PRV52353,NO
PRV52354,NO
PRV52355,NO
PRV52356,NO
PRV52357,NO
PRV52358,NO
PRV52359,NO
PRV52361,NO
PRV52362,NO
PRV52365,NO
PRV52366,NO
PRV52367,NO
PRV52369,NO
PRV52371,NO
PRV52372,NO
PRV52373,NO
PRV52374,NO
PRV52377,NO
PRV52378,NO
PRV52380,NO
PRV52381,NO
PRV52383,YES
PRV52384,NO
PRV52385,NO
PRV52386,NO
PRV52387,NO
PRV52389,NO
PRV52390,NO
PRV52391,NO
PRV52392,NO
PRV52393,NO
PRV52394,NO
PRV52395,NO
PRV52396,YES
PRV52397,NO
PRV52398,NO
PRV52399,NO
PRV52400,NO
PRV52401,NO
PRV52402,NO
PRV52403,NO
PRV52404,NO
PRV52405,NO
PRV52406,NO
PRV52407,NO
PRV52408,NO
PRV52409,NO
PRV52410,NO
PRV52411,NO
PRV52412,NO
PRV52414,NO
PRV52415,NO
PRV52416,NO
PRV52417,NO
PRV52418,NO
PRV52419,NO
PRV52420,YES
PRV52421,NO
PRV52422,NO
PRV52423,NO
PRV52425,NO
PRV52427,NO
PRV52431,NO
PRV52432,NO
PRV52433,NO
PRV52434,NO
PRV52435,NO
PRV52436,NO
PRV52437,NO
PRV52439,NO
PRV52440,NO
PRV52441,NO
PRV52443,NO
PRV52445,YES
PRV52446,NO
PRV52448,NO
PRV52449,NO
PRV52450,NO
PRV52451,NO
PRV52452,NO
PRV52453,NO
PRV52454,NO
PRV52455,NO
PRV52456,NO
PRV52457,NO
PRV52458,NO
PRV52459,NO
PRV52460,NO
PRV52461,NO
PRV52462,NO
PRV52463,NO
PRV52464,NO
PRV52466,NO
PRV52467,YES
PRV52468,NO
PRV52469,NO
PRV52470,NO
PRV52471,NO
PRV52472,NO
PRV52473,NO
PRV52474,NO
PRV52476,NO
PRV52478,NO
PRV52480,NO
PRV52482,NO
PRV52483,NO
PRV52484,NO
PRV52485,NO
PRV52486,NO
PRV52487,NO
PRV52488,NO
PRV52490,NO
PRV52491,NO
PRV52492,NO
PRV52493,NO
PRV52494,NO
PRV52495,NO
PRV52497,YES
PRV52499,NO
PRV52500,NO
PRV52501,NO
PRV52502,YES
PRV52503,NO
PRV52504,YES
PRV52506,NO
PRV52507,NO
PRV52508,NO
PRV52509,NO
PRV52510,NO
PRV52511,YES
PRV52512,NO
PRV52513,NO
PRV52514,NO
PRV52515,NO
PRV52517,NO
PRV52518,NO
PRV52519,NO
PRV52520,NO
PRV52521,NO
PRV52523,NO
PRV52525,NO
PRV52526,NO
PRV52527,NO
PRV52528,NO
PRV52529,NO
PRV52530,NO
PRV52531,NO
PRV52532,NO
PRV52533,NO
PRV52535,NO
PRV52536,NO
PRV52537,NO
PRV52539,NO
PRV52540,NO
PRV52541,NO
PRV52542,NO
PRV52543,NO
PRV52544,NO
PRV52545,NO
PRV52547,NO
PRV52548,NO
PRV52549,NO
PRV52551,NO
PRV52552,NO
PRV52553,NO
PRV52554,NO
PRV52555,NO
PRV52556,NO
PRV52557,NO
PRV52558,NO
PRV52559,NO
PRV52560,NO
PRV52561,NO
PRV52562,NO
PRV52563,NO
PRV52564,NO
PRV52565,NO
PRV52566,NO
PRV52567,NO
PRV52568,NO
PRV52570,NO
PRV52571,NO
PRV52572,NO
PRV52573,NO
PRV52574,YES
PRV52575,NO
PRV52576,NO
PRV52577,NO
PRV52578,YES
PRV52579,NO
PRV52580,NO
PRV52581,NO
PRV52582,NO
PRV52583,NO
PRV52584,NO
PRV52586,NO
PRV52587,NO
PRV52588,NO
PRV52589,YES
PRV52590,YES
PRV52591,NO
PRV52592,NO
PRV52593,YES
PRV52596,NO
PRV52598,NO
PRV52599,NO
PRV52602,NO
PRV52604,NO
PRV52605,NO
PRV52606,NO
PRV52607,NO
PRV52608,NO
PRV52609,YES
PRV52610,NO
PRV52611,NO
PRV52614,NO
PRV52615,NO
PRV52616,NO
PRV52617,NO
PRV52621,NO
PRV52622,NO
PRV52623,NO
PRV52626,NO
PRV52627,NO
PRV52628,YES
PRV52629,NO
PRV52630,YES
PRV52631,NO
PRV52633,NO
PRV52634,NO
PRV52636,NO
PRV52638,NO
PRV52639,NO
PRV52640,NO
PRV52641,NO
PRV52642,YES
PRV52643,NO
PRV52644,NO
PRV52645,NO
PRV52646,NO
PRV52647,NO
PRV52648,YES
PRV52649,YES
PRV52651,NO
PRV52652,YES
PRV52653,NO
PRV52654,NO
PRV52656,NO
PRV52657,NO
PRV52658,NO
PRV52659,NO
PRV52660,NO
PRV52661,NO
PRV52662,NO
PRV52663,NO
PRV52665,NO
PRV52666,NO
PRV52667,NO
PRV52668,NO
PRV52669,NO
PRV52670,NO
PRV52671,NO
PRV52672,NO
PRV52673,NO
PRV52674,NO
PRV52676,NO
PRV52677,NO
PRV52678,NO
PRV52679,NO
PRV52681,NO
PRV52683,NO
PRV52684,NO
PRV52686,NO
PRV52687,NO
PRV52688,NO
PRV52689,NO
PRV52690,YES
PRV52691,NO
PRV52692,NO
PRV52693,NO
PRV52694,NO
PRV52695,NO
PRV52696,NO
PRV52697,NO
PRV52698,NO
PRV52699,NO
PRV52700,NO
PRV52701,NO
PRV52702,NO
PRV52703,NO
PRV52704,NO
PRV52706,NO
PRV52708,NO
PRV52709,NO
PRV52710,NO
PRV52711,NO
PRV52713,NO
PRV52714,NO
PRV52715,NO
PRV52717,NO
PRV52719,NO
PRV52720,NO
PRV52721,NO
PRV52722,NO
PRV52723,NO
PRV52724,NO
PRV52725,NO
PRV52726,NO
PRV52727,NO
PRV52728,NO
PRV52729,NO
PRV52731,NO
PRV52732,NO
PRV52733,NO
PRV52736,NO
PRV52738,NO
PRV52739,NO
PRV52740,NO
PRV52741,NO
PRV52742,NO
PRV52743,NO
PRV52744,NO
PRV52745,NO
PRV52746,NO
PRV52747,NO
PRV52748,NO
PRV52750,NO
PRV52751,NO
PRV52752,NO
PRV52753,NO
PRV52754,NO
PRV52755,NO
PRV52756,NO
PRV52757,NO
PRV52758,NO
PRV52760,NO
PRV52761,NO
PRV52763,NO
PRV52764,NO
PRV52766,NO
PRV52767,NO
PRV52768,NO
PRV52769,NO
PRV52770,NO
PRV52771,NO
PRV52772,NO
PRV52773,NO
PRV52774,NO
PRV52775,NO
PRV52777,NO
PRV52778,NO
PRV52781,NO
PRV52782,NO
PRV52783,NO
PRV52784,NO
PRV52785,NO
PRV52786,NO
PRV52787,NO
PRV52788,NO
PRV52789,NO
PRV52790,NO
PRV52791,NO
PRV52792,NO
PRV52793,NO
PRV52794,NO
PRV52795,NO
PRV52796,NO
PRV52797,NO
PRV52798,NO
PRV52799,NO
PRV52800,NO
PRV52801,NO
PRV52803,NO
PRV52804,NO
PRV52806,NO
PRV52807,NO
PRV52808,NO
PRV52810,NO
PRV52813,NO
PRV52814,NO
PRV52815,YES
PRV52816,NO
PRV52818,NO
PRV52820,NO
PRV52821,YES
PRV52822,NO
PRV52823,NO
PRV52824,NO
PRV52825,NO
PRV52826,YES
PRV52827,NO
PRV52828,YES
PRV52829,NO
PRV52830,NO
PRV52831,NO
PRV52832,NO
PRV52833,NO
PRV52835,NO
PRV52836,NO
PRV52837,NO
PRV52838,NO
PRV52839,NO
PRV52841,NO
PRV52842,NO
PRV52843,YES
PRV52844,NO
PRV52845,NO
PRV52846,YES
PRV52847,YES
PRV52848,NO
PRV52849,NO
PRV52850,NO
PRV52851,NO
PRV52853,NO
PRV52855,NO
PRV52857,NO
PRV52858,NO
PRV52859,NO
PRV52860,YES
PRV52861,NO
PRV52862,NO
PRV52863,NO
PRV52864,NO
PRV52865,NO
PRV52868,YES
PRV52869,NO
PRV52870,YES
PRV52872,NO
PRV52873,NO
PRV52875,NO
PRV52876,NO
PRV52877,NO
PRV52878,NO
PRV52879,NO
PRV52880,NO
PRV52881,NO
PRV52882,NO
PRV52884,YES
PRV52886,NO
PRV52887,YES
PRV52889,NO
PRV52890,NO
PRV52891,NO
PRV52892,NO
PRV52893,NO
PRV52895,NO
PRV52896,NO
PRV52897,NO
PRV52898,NO
PRV52899,NO
PRV52901,NO
PRV52902,NO
PRV52903,YES
PRV52904,NO
PRV52905,NO
PRV52907,NO
PRV52910,NO
PRV52911,NO
PRV52912,NO
PRV52913,NO
PRV52914,NO
PRV52916,NO
PRV52917,NO
PRV52918,NO
PRV52919,NO
PRV52920,NO
PRV52921,NO
PRV52922,NO
PRV52924,NO
PRV52925,NO
PRV52926,NO
PRV52928,NO
PRV52929,NO
PRV52930,NO
PRV52931,NO
PRV52932,NO
PRV52933,YES
PRV52934,NO
PRV52935,NO
PRV52936,NO
PRV52937,NO
PRV52938,NO
PRV52940,NO
PRV52941,NO
PRV52942,NO
PRV52943,NO
PRV52944,NO
PRV52945,NO
PRV52948,NO
PRV52949,NO
PRV52950,NO
PRV52951,NO
PRV52952,NO
PRV52953,NO
PRV52954,NO
PRV52955,NO
PRV52956,NO
PRV52957,NO
PRV52958,NO
PRV52961,NO
PRV52962,NO
PRV52963,NO
PRV52964,NO
PRV52966,NO
PRV52970,NO
PRV52971,NO
PRV52972,NO
PRV52976,NO
PRV52978,NO
PRV52979,NO
PRV52980,NO
PRV52981,NO
PRV52982,YES
PRV52985,YES
PRV52986,NO
PRV52988,NO
PRV52989,YES
PRV52990,YES
PRV52991,NO
PRV52993,NO
PRV52996,NO
PRV52998,NO
PRV52999,NO
PRV53000,NO
PRV53001,NO
PRV53002,NO
PRV53004,NO
PRV53005,YES
PRV53007,YES
PRV53008,YES
PRV53009,NO
PRV53013,NO
PRV53014,NO
PRV53015,NO
PRV53016,NO
PRV53017,NO
PRV53018,NO
PRV53019,NO
PRV53020,NO
PRV53021,YES
PRV53024,NO
PRV53025,NO
PRV53026,NO
PRV53027,NO
PRV53028,NO
PRV53029,NO
PRV53031,NO
PRV53032,NO
PRV53033,NO
PRV53034,NO
PRV53035,NO
PRV53036,NO
PRV53037,NO
PRV53038,NO
PRV53040,NO
PRV53042,NO
PRV53043,NO
PRV53044,NO
PRV53045,NO
PRV53047,NO
PRV53048,NO
PRV53049,NO
PRV53050,NO
PRV53052,NO
PRV53054,NO
PRV53055,NO
PRV53056,NO
PRV53057,NO
PRV53059,NO
PRV53061,NO
PRV53062,NO
PRV53063,NO
PRV53064,NO
PRV53065,NO
PRV53066,NO
PRV53067,NO
PRV53069,NO
PRV53070,NO
PRV53071,NO
PRV53072,NO
PRV53073,NO
PRV53074,NO
PRV53075,NO
PRV53076,NO
PRV53077,NO
PRV53078,NO
PRV53079,NO
PRV53081,NO
PRV53083,NO
PRV53084,NO
PRV53085,NO
PRV53086,NO
PRV53087,NO
PRV53090,NO
PRV53091,NO
PRV53095,NO
PRV53096,NO
PRV53099,NO
PRV53100,NO
PRV53101,NO
PRV53102,NO
PRV53103,NO
PRV53104,NO
PRV53106,YES
PRV53107,NO
PRV53108,NO
PRV53109,NO
PRV53110,NO
PRV53111,NO
PRV53113,NO
PRV53114,YES
PRV53116,NO
PRV53117,NO
PRV53119,YES
PRV53120,NO
PRV53121,YES
PRV53122,NO
PRV53123,NO
PRV53124,NO
PRV53125,NO
PRV53126,NO
PRV53127,NO
PRV53128,NO
PRV53129,NO
PRV53131,NO
PRV53133,NO
PRV53134,NO
PRV53135,NO
PRV53136,YES
PRV53137,NO
PRV53138,NO
PRV53139,NO
PRV53140,NO
PRV53141,NO
PRV53142,YES
PRV53143,NO
PRV53144,NO
PRV53145,NO
PRV53147,NO
PRV53148,NO
PRV53149,NO
PRV53150,NO
PRV53151,NO
PRV53153,NO
PRV53154,NO
PRV53156,NO
PRV53157,NO
PRV53158,NO
PRV53159,NO
PRV53161,NO
PRV53162,NO
PRV53163,NO
PRV53164,NO
PRV53166,NO
PRV53167,NO
PRV53168,NO
PRV53169,NO
PRV53171,NO
PRV53172,NO
PRV53173,NO
PRV53174,NO
PRV53175,NO
PRV53176,NO
PRV53177,NO
PRV53178,NO
PRV53179,NO
PRV53180,NO
PRV53182,NO
PRV53183,NO
PRV53186,NO
PRV53187,NO
PRV53188,NO
PRV53189,NO
PRV53191,NO
PRV53192,NO
PRV53194,NO
PRV53196,NO
PRV53197,NO
PRV53198,NO
PRV53201,NO
PRV53202,NO
PRV53203,NO
PRV53204,NO
PRV53205,NO
PRV53206,NO
PRV53207,NO
PRV53208,YES
PRV53210,NO
PRV53211,NO
PRV53212,NO
PRV53213,NO
PRV53214,NO
PRV53215,NO
PRV53216,NO
PRV53217,NO
PRV53218,NO
PRV53220,NO
PRV53221,NO
PRV53222,NO
PRV53223,NO
PRV53224,NO
PRV53225,NO
PRV53226,NO
PRV53227,NO
PRV53228,NO
PRV53229,NO
PRV53230,NO
PRV53232,NO
PRV53233,NO
PRV53235,NO
PRV53236,NO
PRV53237,NO
PRV53238,NO
PRV53239,NO
PRV53240,NO
PRV53242,YES
PRV53243,NO
PRV53244,NO
PRV53245,YES
PRV53246,NO
PRV53247,NO
PRV53248,NO
PRV53249,NO
PRV53251,NO
PRV53252,NO
PRV53253,NO
PRV53254,NO
PRV53255,NO
PRV53256,NO
PRV53257,NO
PRV53258,NO
PRV53259,NO
PRV53260,NO
PRV53261,NO
PRV53262,NO
PRV53265,YES
PRV53266,YES
PRV53268,NO
PRV53269,YES
PRV53272,NO
PRV53274,NO
PRV53276,NO
PRV53277,YES
PRV53279,NO
PRV53280,NO
PRV53281,NO
PRV53282,NO
PRV53283,NO
PRV53284,NO
PRV53288,NO
PRV53289,NO
PRV53290,NO
PRV53291,NO
PRV53292,NO
PRV53293,NO
PRV53294,NO
PRV53295,YES
PRV53296,NO
PRV53297,YES
PRV53298,NO
PRV53300,NO
PRV53301,NO
PRV53303,NO
PRV53304,NO
PRV53305,NO
PRV53306,NO
PRV53307,NO
PRV53308,NO
PRV53309,NO
PRV53310,NO
PRV53312,NO
PRV53313,NO
PRV53314,NO
PRV53315,NO
PRV53317,NO
PRV53318,NO
PRV53319,NO
PRV53320,NO
PRV53321,NO
PRV53323,NO
PRV53325,NO
PRV53326,NO
PRV53329,NO
PRV53331,NO
PRV53334,NO
PRV53335,NO
PRV53336,NO
PRV53337,NO
PRV53339,NO
PRV53340,NO
PRV53341,NO
PRV53342,NO
PRV53343,NO
PRV53344,NO
PRV53346,NO
PRV53347,NO
PRV53349,NO
PRV53350,NO
PRV53351,NO
PRV53352,NO
PRV53353,NO
PRV53354,NO
PRV53355,NO
PRV53356,NO
PRV53357,NO
PRV53358,NO
PRV53359,NO
PRV53360,NO
PRV53361,NO
PRV53362,NO
PRV53363,NO
PRV53364,NO
PRV53365,NO
PRV53369,NO
PRV53370,NO
PRV53371,NO
PRV53373,NO
PRV53374,NO
PRV53375,NO
PRV53376,NO
PRV53377,NO
PRV53378,NO
PRV53379,YES
PRV53380,NO
PRV53381,NO
PRV53382,NO
PRV53383,NO
PRV53384,YES
PRV53385,YES
PRV53386,NO
PRV53387,NO
PRV53388,NO
PRV53389,NO
PRV53390,NO
PRV53391,NO
PRV53392,NO
PRV53393,NO
PRV53394,NO
PRV53396,NO
PRV53397,YES
PRV53398,NO
PRV53399,YES
PRV53401,YES
PRV53402,NO
PRV53403,NO
PRV53405,NO
PRV53407,NO
PRV53408,NO
PRV53409,NO
PRV53411,NO
PRV53412,NO
PRV53413,NO
PRV53415,NO
PRV53416,NO
PRV53417,YES
PRV53419,NO
PRV53421,YES
PRV53423,NO
PRV53424,NO
PRV53426,NO
PRV53427,NO
PRV53428,NO
PRV53429,NO
PRV53431,NO
PRV53432,NO
PRV53433,NO
PRV53435,NO
PRV53436,NO
PRV53437,NO
PRV53438,NO
PRV53439,NO
PRV53440,NO
PRV53441,NO
PRV53442,NO
PRV53443,NO
PRV53444,NO
PRV53445,NO
PRV53446,NO
PRV53447,NO
PRV53448,NO
PRV53449,NO
PRV53450,NO
PRV53451,NO
PRV53452,NO
PRV53453,NO
PRV53454,NO
PRV53455,NO
PRV53456,NO
PRV53457,NO
PRV53460,NO
PRV53461,YES
PRV53462,NO
PRV53463,NO
PRV53465,NO
PRV53467,NO
PRV53469,NO
PRV53470,NO
PRV53471,NO
PRV53472,NO
PRV53473,NO
PRV53474,NO
PRV53475,NO
PRV53476,NO
PRV53477,NO
PRV53478,NO
PRV53479,NO
PRV53480,NO
PRV53482,NO
PRV53483,NO
PRV53484,NO
PRV53485,NO
PRV53486,NO
PRV53487,NO
PRV53489,NO
PRV53490,NO
PRV53491,NO
PRV53492,NO
PRV53494,NO
PRV53495,NO
PRV53496,NO
PRV53498,NO
PRV53499,NO
PRV53501,NO
PRV53502,NO
PRV53503,NO
PRV53504,NO
PRV53506,NO
PRV53507,NO
PRV53509,NO
PRV53510,NO
PRV53511,NO
PRV53513,NO
PRV53515,NO
PRV53516,NO
PRV53517,NO
PRV53519,NO
PRV53520,NO
PRV53521,NO
PRV53522,NO
PRV53523,NO
PRV53524,NO
PRV53525,NO
PRV53526,NO
PRV53527,NO
PRV53530,NO
PRV53531,NO
PRV53532,NO
PRV53533,NO
PRV53534,NO
PRV53535,NO
PRV53536,NO
PRV53539,NO
PRV53540,NO
PRV53544,NO
PRV53545,NO
PRV53547,NO
PRV53548,NO
PRV53549,NO
PRV53550,NO
PRV53551,NO
PRV53553,NO
PRV53554,NO
PRV53555,NO
PRV53556,NO
PRV53558,NO
PRV53559,NO
PRV53560,NO
PRV53561,NO
PRV53562,NO
PRV53563,NO
PRV53564,NO
PRV53565,NO
PRV53566,NO
PRV53568,NO
PRV53569,NO
PRV53570,NO
PRV53571,NO
PRV53572,NO
PRV53573,NO
PRV53574,NO
PRV53577,NO
PRV53578,NO
PRV53581,NO
PRV53582,NO
PRV53584,NO
PRV53585,NO
PRV53586,NO
PRV53587,NO
PRV53588,NO
PRV53589,NO
PRV53590,NO
PRV53591,NO
PRV53593,NO
PRV53594,NO
PRV53595,NO
PRV53596,NO
PRV53597,NO
PRV53598,NO
PRV53599,NO
PRV53600,NO
PRV53601,NO
PRV53602,NO
PRV53604,NO
PRV53605,NO
PRV53606,NO
PRV53607,NO
PRV53608,NO
PRV53609,NO
PRV53611,NO
PRV53612,NO
PRV53613,NO
PRV53614,NO
PRV53616,NO
PRV53617,NO
PRV53618,NO
PRV53619,NO
PRV53620,NO
PRV53621,NO
PRV53622,NO
PRV53623,YES
PRV53624,NO
PRV53625,NO
PRV53626,NO
PRV53627,NO
PRV53628,NO
PRV53629,NO
PRV53631,NO
PRV53632,NO
PRV53633,NO
PRV53634,NO
PRV53635,NO
PRV53638,NO
PRV53640,NO
PRV53641,NO
PRV53642,NO
PRV53643,NO
PRV53644,NO
PRV53645,NO
PRV53646,NO
PRV53647,NO
PRV53648,NO
PRV53649,NO
PRV53651,NO
PRV53652,NO
PRV53654,NO
PRV53655,NO
PRV53656,NO
PRV53657,NO
PRV53658,NO
PRV53659,NO
PRV53660,NO
PRV53661,NO
PRV53662,NO
PRV53663,NO
PRV53664,NO
PRV53665,NO
PRV53666,NO
PRV53667,NO
PRV53668,YES
PRV53669,NO
PRV53670,YES
PRV53671,YES
PRV53672,NO
PRV53673,NO
PRV53674,NO
PRV53675,NO
PRV53676,NO
PRV53677,YES
PRV53678,NO
PRV53679,NO
PRV53680,NO
PRV53681,NO
PRV53682,NO
PRV53683,NO
PRV53684,NO
PRV53685,NO
PRV53686,NO
PRV53688,NO
PRV53689,NO
PRV53690,NO
PRV53692,YES
PRV53694,NO
PRV53695,NO
PRV53696,NO
PRV53697,NO
PRV53698,NO
PRV53699,NO
PRV53700,NO
PRV53701,NO
PRV53702,NO
PRV53703,NO
PRV53704,NO
PRV53705,NO
PRV53706,YES
PRV53708,NO
PRV53709,NO
PRV53710,NO
PRV53712,YES
PRV53713,NO
PRV53714,NO
PRV53715,NO
PRV53716,NO
PRV53717,NO
PRV53718,NO
PRV53719,NO
PRV53720,NO
PRV53721,NO
PRV53722,NO
PRV53723,NO
PRV53724,NO
PRV53725,NO
PRV53726,NO
PRV53727,NO
PRV53728,NO
PRV53729,NO
PRV53730,NO
PRV53731,NO
PRV53732,NO
PRV53733,NO
PRV53734,NO
PRV53735,NO
PRV53740,NO
PRV53741,NO
PRV53743,NO
PRV53745,NO
PRV53746,NO
PRV53749,YES
PRV53750,NO
PRV53751,NO
PRV53752,NO
PRV53754,NO
PRV53755,NO
PRV53756,NO
PRV53757,NO
PRV53759,NO
PRV53761,NO
PRV53762,YES
PRV53763,YES
PRV53764,NO
PRV53765,NO
PRV53766,NO
PRV53767,NO
PRV53768,NO
PRV53769,YES
PRV53770,NO
PRV53771,NO
PRV53772,NO
PRV53773,NO
PRV53774,NO
PRV53775,NO
PRV53776,YES
PRV53779,NO
PRV53780,NO
PRV53781,YES
PRV53782,NO
PRV53783,NO
PRV53784,NO
PRV53785,NO
PRV53786,YES
PRV53787,YES
PRV53788,NO
PRV53790,YES
PRV53791,NO
PRV53792,YES
PRV53793,NO
PRV53794,NO
PRV53796,NO
PRV53797,YES
PRV53798,NO
PRV53799,NO
PRV53801,NO
PRV53802,NO
PRV53805,NO
PRV53806,NO
PRV53807,NO
PRV53808,YES
PRV53812,NO
PRV53814,NO
PRV53815,NO
PRV53816,NO
PRV53817,NO
PRV53818,NO
PRV53819,NO
PRV53820,NO
PRV53821,NO
PRV53824,NO
PRV53827,NO
PRV53828,NO
PRV53829,NO
PRV53831,NO
PRV53832,NO
PRV53835,NO
PRV53836,NO
PRV53837,NO
PRV53838,NO
PRV53839,NO
PRV53840,NO
PRV53841,NO
PRV53842,NO
PRV53843,NO
PRV53844,NO
PRV53845,NO
PRV53846,NO
PRV53848,NO
PRV53849,NO
PRV53850,NO
PRV53851,NO
PRV53855,YES
PRV53857,NO
PRV53859,NO
PRV53860,NO
PRV53861,NO
PRV53862,NO
PRV53864,NO
PRV53865,NO
PRV53867,NO
PRV53868,NO
PRV53871,NO
PRV53872,NO
PRV53873,NO
PRV53874,NO
PRV53875,NO
PRV53876,NO
PRV53877,NO
PRV53878,NO
PRV53879,NO
PRV53880,NO
PRV53884,YES
PRV53885,NO
PRV53887,YES
PRV53888,NO
PRV53889,NO
PRV53891,NO
PRV53892,NO
PRV53894,YES
PRV53895,YES
PRV53896,NO
PRV53899,NO
PRV53900,YES
PRV53901,NO
PRV53905,NO
PRV53906,NO
PRV53907,NO
PRV53908,NO
PRV53909,NO
PRV53910,NO
PRV53911,YES
PRV53912,NO
PRV53913,NO
PRV53915,NO
PRV53916,NO
PRV53917,NO
PRV53918,YES
PRV53919,YES
PRV53920,NO
PRV53921,NO
PRV53922,NO
PRV53923,YES
PRV53924,NO
PRV53925,NO
PRV53926,NO
PRV53927,NO
PRV53928,NO
PRV53931,NO
PRV53932,NO
PRV53933,NO
PRV53934,NO
PRV53935,NO
PRV53937,YES
PRV53938,YES
PRV53939,NO
PRV53940,NO
PRV53941,NO
PRV53942,NO
PRV53943,NO
PRV53944,NO
PRV53945,NO
PRV53946,NO
PRV53947,NO
PRV53949,NO
PRV53950,NO
PRV53951,YES
PRV53952,NO
PRV53956,NO
PRV53957,NO
PRV53958,NO
PRV53959,YES
PRV53960,NO
PRV53961,YES
PRV53963,NO
PRV53964,NO
PRV53965,NO
PRV53966,NO
PRV53967,NO
PRV53968,NO
PRV53969,NO
PRV53970,NO
PRV53971,NO
PRV53972,NO
PRV53973,NO
PRV53974,NO
PRV53975,NO
PRV53977,NO
PRV53978,NO
PRV53979,NO
PRV53980,NO
PRV53981,NO
PRV53982,NO
PRV53983,NO
PRV53985,YES
PRV53986,NO
PRV53988,NO
PRV53989,NO
PRV53990,NO
PRV53991,NO
PRV53992,NO
PRV53993,NO
PRV53994,NO
PRV53995,NO
PRV53996,NO
PRV53997,NO
PRV53999,NO
PRV54000,NO
PRV54001,NO
PRV54002,NO
PRV54004,NO
PRV54005,NO
PRV54006,NO
PRV54007,NO
PRV54008,NO
PRV54009,NO
PRV54011,NO
PRV54012,NO
PRV54013,NO
PRV54014,NO
PRV54016,NO
PRV54017,NO
PRV54019,NO
PRV54020,NO
PRV54021,NO
PRV54023,NO
PRV54024,NO
PRV54025,NO
PRV54026,NO
PRV54027,NO
PRV54028,NO
PRV54029,NO
PRV54030,NO
PRV54031,NO
PRV54033,NO
PRV54034,NO
PRV54036,NO
PRV54037,NO
PRV54038,NO
PRV54039,NO
PRV54040,NO
PRV54041,NO
PRV54043,NO
PRV54044,NO
PRV54045,NO
PRV54046,NO
PRV54048,NO
PRV54049,NO
PRV54050,NO
PRV54051,NO
PRV54052,NO
PRV54053,NO
PRV54054,NO
PRV54055,NO
PRV54056,YES
PRV54057,NO
PRV54058,NO
PRV54059,NO
PRV54060,NO
PRV54061,NO
PRV54062,NO
PRV54063,NO
PRV54064,NO
PRV54065,YES
PRV54066,NO
PRV54068,NO
PRV54070,YES
PRV54071,NO
PRV54072,NO
PRV54073,NO
PRV54074,YES
PRV54075,YES
PRV54076,NO
PRV54077,YES
PRV54078,NO
PRV54080,NO
PRV54081,NO
PRV54082,NO
PRV54083,NO
PRV54084,NO
PRV54085,NO
PRV54086,NO
PRV54089,NO
PRV54090,NO
PRV54091,NO
PRV54092,NO
PRV54093,YES
PRV54096,NO
PRV54098,YES
PRV54099,NO
PRV54101,NO
PRV54102,NO
PRV54103,YES
PRV54106,NO
PRV54107,NO
PRV54109,NO
PRV54110,NO
PRV54111,YES
PRV54112,NO
PRV54113,NO
PRV54114,NO
PRV54115,NO
PRV54116,NO
PRV54117,NO
PRV54118,NO
PRV54119,NO
PRV54120,NO
PRV54121,NO
PRV54122,NO
PRV54123,NO
PRV54124,NO
PRV54125,NO
PRV54127,NO
PRV54128,NO
PRV54129,NO
PRV54130,NO
PRV54131,NO
PRV54132,NO
PRV54133,NO
PRV54134,NO
PRV54135,NO
PRV54136,NO
PRV54139,NO
PRV54140,NO
PRV54141,NO
PRV54142,NO
PRV54144,YES
PRV54145,NO
PRV54146,NO
PRV54148,NO
PRV54149,YES
PRV54150,NO
PRV54153,NO
PRV54154,NO
PRV54155,NO
PRV54156,NO
PRV54157,NO
PRV54158,NO
PRV54159,NO
PRV54160,NO
PRV54162,NO
PRV54163,NO
PRV54164,NO
PRV54166,NO
PRV54167,NO
PRV54168,NO
PRV54171,NO
PRV54172,NO
PRV54173,NO
PRV54175,NO
PRV54176,NO
PRV54177,NO
PRV54178,NO
PRV54179,NO
PRV54180,NO
PRV54181,NO
PRV54182,NO
PRV54183,NO
PRV54184,NO
PRV54185,NO
PRV54186,NO
PRV54187,NO
PRV54188,NO
PRV54191,NO
PRV54192,NO
PRV54193,NO
PRV54194,NO
PRV54196,NO
PRV54197,NO
PRV54198,NO
PRV54199,NO
PRV54200,NO
PRV54201,NO
PRV54202,NO
PRV54203,NO
PRV54204,NO
PRV54205,NO
PRV54206,NO
PRV54207,NO
PRV54208,NO
PRV54209,YES
PRV54210,NO
PRV54212,NO
PRV54213,NO
PRV54215,NO
PRV54216,NO
PRV54217,NO
PRV54219,NO
PRV54220,NO
PRV54222,NO
PRV54223,NO
PRV54224,NO
PRV54225,YES
PRV54226,NO
PRV54227,NO
PRV54228,NO
PRV54230,YES
PRV54231,NO
PRV54232,NO
PRV54233,NO
PRV54235,NO
PRV54237,NO
PRV54238,NO
PRV54239,NO
PRV54240,NO
PRV54242,NO
PRV54244,NO
PRV54245,NO
PRV54246,NO
PRV54247,NO
PRV54250,NO
PRV54251,NO
PRV54252,NO
PRV54253,NO
PRV54254,NO
PRV54255,NO
PRV54256,NO
PRV54257,NO
PRV54258,YES
PRV54259,NO
PRV54261,NO
PRV54262,NO
PRV54263,NO
PRV54265,NO
PRV54266,NO
PRV54267,NO
PRV54269,NO
PRV54270,NO
PRV54271,NO
PRV54273,NO
PRV54274,NO
PRV54275,NO
PRV54276,NO
PRV54278,NO
PRV54280,NO
PRV54282,NO
PRV54283,NO
PRV54284,NO
PRV54285,NO
PRV54287,NO
PRV54288,NO
PRV54289,NO
PRV54290,NO
PRV54291,NO
PRV54293,NO
PRV54294,NO
PRV54295,NO
PRV54296,NO
PRV54297,YES
PRV54298,NO
PRV54299,NO
PRV54300,NO
PRV54301,NO
PRV54302,NO
PRV54303,NO
PRV54304,NO
PRV54305,NO
PRV54306,NO
PRV54307,NO
PRV54308,NO
PRV54309,NO
PRV54310,NO
PRV54311,NO
PRV54312,NO
PRV54313,NO
PRV54315,NO
PRV54316,NO
PRV54317,NO
PRV54319,NO
PRV54320,NO
PRV54323,YES
PRV54324,NO
PRV54325,NO
PRV54326,NO
PRV54327,YES
PRV54328,NO
PRV54330,NO
PRV54332,NO
PRV54333,YES
PRV54334,NO
PRV54335,NO
PRV54336,YES
PRV54337,NO
PRV54339,NO
PRV54340,NO
PRV54341,NO
PRV54342,NO
PRV54343,NO
PRV54344,NO
PRV54345,NO
PRV54347,NO
PRV54348,NO
PRV54349,NO
PRV54350,YES
PRV54352,NO
PRV54353,NO
PRV54354,YES
PRV54355,NO
PRV54356,NO
PRV54357,NO
PRV54358,NO
PRV54359,YES
PRV54360,NO
PRV54361,YES
PRV54362,NO
PRV54363,NO
PRV54365,NO
PRV54367,YES
PRV54368,NO
PRV54370,NO
PRV54371,NO
PRV54372,YES
PRV54373,NO
PRV54374,NO
PRV54375,NO
PRV54377,NO
PRV54378,NO
PRV54379,NO
PRV54380,NO
PRV54381,NO
PRV54382,YES
PRV54383,NO
PRV54384,NO
PRV54387,NO
PRV54388,YES
PRV54389,NO
PRV54390,NO
PRV54391,YES
PRV54392,NO
PRV54393,NO
PRV54396,NO
PRV54399,YES
PRV54400,NO
PRV54401,NO
PRV54402,NO
PRV54403,NO
PRV54404,NO
PRV54407,NO
PRV54408,NO
PRV54409,NO
PRV54410,NO
PRV54411,NO
PRV54412,NO
PRV54413,NO
PRV54414,NO
PRV54415,NO
PRV54416,NO
PRV54419,NO
PRV54420,NO
PRV54421,NO
PRV54422,NO
PRV54423,NO
PRV54424,NO
PRV54425,NO
PRV54426,NO
PRV54427,NO
PRV54429,NO
PRV54430,NO
PRV54431,NO
PRV54432,NO
PRV54433,NO
PRV54434,NO
PRV54435,NO
PRV54436,NO
PRV54437,NO
PRV54438,NO
PRV54439,NO
PRV54441,NO
PRV54442,NO
PRV54443,NO
PRV54444,NO
PRV54448,NO
PRV54449,NO
PRV54450,NO
PRV54451,NO
PRV54452,NO
PRV54454,NO
PRV54455,NO
PRV54456,NO
PRV54457,NO
PRV54459,NO
PRV54460,NO
PRV54461,NO
PRV54462,NO
PRV54463,NO
PRV54465,NO
PRV54466,NO
PRV54467,NO
PRV54468,NO
PRV54469,NO
PRV54471,NO
PRV54472,NO
PRV54473,NO
PRV54475,NO
PRV54477,NO
PRV54478,NO
PRV54479,NO
PRV54480,NO
PRV54481,NO
PRV54482,NO
PRV54483,NO
PRV54486,NO
PRV54489,NO
PRV54490,NO
PRV54491,NO
PRV54496,NO
PRV54497,NO
PRV54498,NO
PRV54499,NO
PRV54500,NO
PRV54501,NO
PRV54502,NO
PRV54503,NO
PRV54504,YES
PRV54505,YES
PRV54506,NO
PRV54507,NO
PRV54508,NO
PRV54509,NO
PRV54510,NO
PRV54511,NO
PRV54514,YES
PRV54515,NO
PRV54517,NO
PRV54519,NO
PRV54520,NO
PRV54521,NO
PRV54522,NO
PRV54523,NO
PRV54524,NO
PRV54526,NO
PRV54528,NO
PRV54529,NO
PRV54530,NO
PRV54531,NO
PRV54535,NO
PRV54536,NO
PRV54537,NO
PRV54538,NO
PRV54539,NO
PRV54540,YES
PRV54541,NO
PRV54542,NO
PRV54543,YES
PRV54544,NO
PRV54545,NO
PRV54546,NO
PRV54547,NO
PRV54548,NO
PRV54549,NO
PRV54550,NO
PRV54551,NO
PRV54552,NO
PRV54553,NO
PRV54554,NO
PRV54555,NO
PRV54557,YES
PRV54558,NO
PRV54559,NO
PRV54560,YES
PRV54561,NO
PRV54562,NO
PRV54563,NO
PRV54564,NO
PRV54565,NO
PRV54566,YES
PRV54567,NO
PRV54568,NO
PRV54569,NO
PRV54571,NO
PRV54572,NO
PRV54573,NO
PRV54574,NO
PRV54575,NO
PRV54576,NO
PRV54577,NO
PRV54578,NO
PRV54579,NO
PRV54580,NO
PRV54581,NO
PRV54582,NO
PRV54585,NO
PRV54587,NO
PRV54588,NO
PRV54589,NO
PRV54590,NO
PRV54591,NO
PRV54593,NO
PRV54595,NO
PRV54596,NO
PRV54597,NO
PRV54598,NO
PRV54599,NO
PRV54601,NO
PRV54602,NO
PRV54603,NO
PRV54604,NO
PRV54606,NO
PRV54608,NO
PRV54609,NO
PRV54610,NO
PRV54611,NO
PRV54612,NO
PRV54614,NO
PRV54615,NO
PRV54616,NO
PRV54618,NO
PRV54619,NO
PRV54620,NO
PRV54621,NO
PRV54622,NO
PRV54623,NO
PRV54624,NO
PRV54625,NO
PRV54627,NO
PRV54628,NO
PRV54629,NO
PRV54630,NO
PRV54633,NO
PRV54634,NO
PRV54635,NO
PRV54636,NO
PRV54637,NO
PRV54638,NO
PRV54639,NO
PRV54640,NO
PRV54642,NO
PRV54643,NO
PRV54644,YES
PRV54645,NO
PRV54646,NO
PRV54649,YES
PRV54651,YES
PRV54652,NO
PRV54653,NO
PRV54656,NO
PRV54657,NO
PRV54658,NO
PRV54660,NO
PRV54661,NO
PRV54662,NO
PRV54664,NO
PRV54666,NO
PRV54667,NO
PRV54668,NO
PRV54670,NO
PRV54671,NO
PRV54672,NO
PRV54673,NO
PRV54674,NO
PRV54675,YES
PRV54676,YES
PRV54677,NO
PRV54678,NO
PRV54679,NO
PRV54680,YES
PRV54681,NO
PRV54682,NO
PRV54683,NO
PRV54684,NO
PRV54685,NO
PRV54686,NO
PRV54687,NO
PRV54688,YES
PRV54689,NO
PRV54690,NO
PRV54691,NO
PRV54692,YES
PRV54693,NO
PRV54694,NO
PRV54695,NO
PRV54696,NO
PRV54697,NO
PRV54699,NO
PRV54701,NO
PRV54703,NO
PRV54704,NO
PRV54705,NO
PRV54707,NO
PRV54708,NO
PRV54710,NO
PRV54711,NO
PRV54712,NO
PRV54713,NO
PRV54714,NO
PRV54715,NO
PRV54716,NO
PRV54717,NO
PRV54718,YES
PRV54720,NO
PRV54723,NO
PRV54724,NO
PRV54725,NO
PRV54726,NO
PRV54727,NO
PRV54728,NO
PRV54730,NO
PRV54734,NO
PRV54735,NO
PRV54737,NO
PRV54739,YES
PRV54741,NO
PRV54742,YES
PRV54743,YES
PRV54745,NO
PRV54747,NO
PRV54748,NO
PRV54753,NO
PRV54756,NO
PRV54757,NO
PRV54758,NO
PRV54759,NO
PRV54760,NO
PRV54761,NO
PRV54763,NO
PRV54764,NO
PRV54765,YES
PRV54767,NO
PRV54768,NO
PRV54771,YES
PRV54772,YES
PRV54773,NO
PRV54774,NO
PRV54776,NO
PRV54778,YES
PRV54779,NO
PRV54780,NO
PRV54781,YES
PRV54783,NO
PRV54784,NO
PRV54785,NO
PRV54786,YES
PRV54787,NO
PRV54789,NO
PRV54790,NO
PRV54792,NO
PRV54793,NO
PRV54794,NO
PRV54795,NO
PRV54796,NO
PRV54798,NO
PRV54799,NO
PRV54800,NO
PRV54802,NO
PRV54803,NO
PRV54805,NO
PRV54806,NO
PRV54808,YES
PRV54809,NO
PRV54810,NO
PRV54812,NO
PRV54813,NO
PRV54814,NO
PRV54817,NO
PRV54818,NO
PRV54819,NO
PRV54820,NO
PRV54821,NO
PRV54822,YES
PRV54824,NO
PRV54827,NO
PRV54828,YES
PRV54829,NO
PRV54830,NO
PRV54831,NO
PRV54832,YES
PRV54833,NO
PRV54834,NO
PRV54836,NO
PRV54837,YES
PRV54838,NO
PRV54840,NO
PRV54841,NO
PRV54842,NO
PRV54845,YES
PRV54846,NO
PRV54847,NO
PRV54848,NO
PRV54849,NO
PRV54852,NO
PRV54854,NO
PRV54855,NO
PRV54856,NO
PRV54859,NO
PRV54860,NO
PRV54861,NO
PRV54862,NO
PRV54863,NO
PRV54864,NO
PRV54865,NO
PRV54866,NO
PRV54867,NO
PRV54868,NO
PRV54869,NO
PRV54870,NO
PRV54871,NO
PRV54873,NO
PRV54875,YES
PRV54876,YES
PRV54877,NO
PRV54878,NO
PRV54879,YES
PRV54881,NO
PRV54882,YES
PRV54883,NO
PRV54885,NO
PRV54886,NO
PRV54887,NO
PRV54888,NO
PRV54889,NO
PRV54890,NO
PRV54891,NO
PRV54892,NO
PRV54893,NO
PRV54894,YES
PRV54895,YES
PRV54896,YES
PRV54898,NO
PRV54900,NO
PRV54901,NO
PRV54902,NO
PRV54903,NO
PRV54904,NO
PRV54905,NO
PRV54906,NO
PRV54907,NO
PRV54908,NO
PRV54909,NO
PRV54910,NO
PRV54911,NO
PRV54914,NO
PRV54916,NO
PRV54917,NO
PRV54918,YES
PRV54919,NO
PRV54923,NO
PRV54924,NO
PRV54925,YES
PRV54926,NO
PRV54927,NO
PRV54929,YES
PRV54930,NO
PRV54931,YES
PRV54932,NO
PRV54933,YES
PRV54934,NO
PRV54935,NO
PRV54936,YES
PRV54937,NO
PRV54938,NO
PRV54939,YES
PRV54941,NO
PRV54942,YES
PRV54943,NO
PRV54944,NO
PRV54945,NO
PRV54946,NO
PRV54947,NO
PRV54949,NO
PRV54950,YES
PRV54952,YES
PRV54953,NO
PRV54954,NO
PRV54955,YES
PRV54959,NO
PRV54960,NO
PRV54963,NO
PRV54965,NO
PRV54966,YES
PRV54967,NO
PRV54968,NO
PRV54970,NO
PRV54971,NO
PRV54972,NO
PRV54973,NO
PRV54975,NO
PRV54976,NO
PRV54977,NO
PRV54978,NO
PRV54981,NO
PRV54982,NO
PRV54983,NO
PRV54985,NO
PRV54986,YES
PRV54988,NO
PRV54990,NO
PRV54991,NO
PRV54992,NO
PRV54993,NO
PRV54995,NO
PRV54997,NO
PRV54998,YES
PRV54999,NO
PRV55000,NO
PRV55001,NO
PRV55002,NO
PRV55003,NO
PRV55004,YES
PRV55005,NO
PRV55006,NO
PRV55007,NO
PRV55010,YES
PRV55011,NO
PRV55012,NO
PRV55013,NO
PRV55016,NO
PRV55018,YES
PRV55019,YES
PRV55022,YES
PRV55023,NO
PRV55024,NO
PRV55026,NO
PRV55027,YES
PRV55028,NO
PRV55029,NO
PRV55030,YES
PRV55031,NO
PRV55032,NO
PRV55034,YES
PRV55035,NO
PRV55036,NO
PRV55037,NO
PRV55038,NO
PRV55039,YES
PRV55040,NO
PRV55041,NO
PRV55042,NO
PRV55043,NO
PRV55044,NO
PRV55045,NO
PRV55048,YES
PRV55049,YES
PRV55050,NO
PRV55051,NO
PRV55052,NO
PRV55053,NO
PRV55054,NO
PRV55056,NO
PRV55057,YES
PRV55058,NO
PRV55059,NO
PRV55061,NO
PRV55062,NO
PRV55063,NO
PRV55064,NO
PRV55067,NO
PRV55068,NO
PRV55069,NO
PRV55070,NO
PRV55071,NO
PRV55072,NO
PRV55073,NO
PRV55074,NO
PRV55076,NO
PRV55077,NO
PRV55078,NO
PRV55079,NO
PRV55080,NO
PRV55081,NO
PRV55083,NO
PRV55085,NO
PRV55086,NO
PRV55087,NO
PRV55088,NO
PRV55089,NO
PRV55091,NO
PRV55092,NO
PRV55093,NO
PRV55094,NO
PRV55095,NO
PRV55096,NO
PRV55097,NO
PRV55098,NO
PRV55099,NO
PRV55103,NO
PRV55104,NO
PRV55106,NO
PRV55108,NO
PRV55110,NO
PRV55111,NO
PRV55112,NO
PRV55114,NO
PRV55116,NO
PRV55117,NO
PRV55118,NO
PRV55120,NO
PRV55121,NO
PRV55122,NO
PRV55123,NO
PRV55124,NO
PRV55126,NO
PRV55128,NO
PRV55129,NO
PRV55130,NO
PRV55131,NO
PRV55132,NO
PRV55133,NO
PRV55134,NO
PRV55135,NO
PRV55136,NO
PRV55137,NO
PRV55138,NO
PRV55140,NO
PRV55141,NO
PRV55143,NO
PRV55144,NO
PRV55145,NO
PRV55146,NO
PRV55147,YES
PRV55148,NO
PRV55149,NO
PRV55150,NO
PRV55151,NO
PRV55152,NO
PRV55154,NO
PRV55155,NO
PRV55156,NO
PRV55157,NO
PRV55158,NO
PRV55160,NO
PRV55161,NO
PRV55163,YES
PRV55164,NO
PRV55165,YES
PRV55166,NO
PRV55167,NO
PRV55168,NO
PRV55169,NO
PRV55171,YES
PRV55172,YES
PRV55173,NO
PRV55175,NO
PRV55176,NO
PRV55177,NO
PRV55178,NO
PRV55179,NO
PRV55180,NO
PRV55181,NO
PRV55182,NO
PRV55183,NO
PRV55184,NO
PRV55185,NO
PRV55187,NO
PRV55188,NO
PRV55189,NO
PRV55191,NO
PRV55192,NO
PRV55193,YES
PRV55194,YES
PRV55195,YES
PRV55196,NO
PRV55197,NO
PRV55198,NO
PRV55200,NO
PRV55202,NO
PRV55203,NO
PRV55205,NO
PRV55206,NO
PRV55207,NO
PRV55208,NO
PRV55209,YES
PRV55210,NO
PRV55211,NO
PRV55213,NO
PRV55214,NO
PRV55215,YES
PRV55216,NO
PRV55218,NO
PRV55219,NO
PRV55220,NO
PRV55224,NO
PRV55225,YES
PRV55226,NO
PRV55227,NO
PRV55229,NO
PRV55230,YES
PRV55231,NO
PRV55232,NO
PRV55233,NO
PRV55234,NO
PRV55235,NO
PRV55236,NO
PRV55237,NO
PRV55238,NO
PRV55239,NO
PRV55240,NO
PRV55242,NO
PRV55243,NO
PRV55244,NO
PRV55246,NO
PRV55247,NO
PRV55248,NO
PRV55250,YES
PRV55252,NO
PRV55254,NO
PRV55255,NO
PRV55256,NO
PRV55257,NO
PRV55258,NO
PRV55259,NO
PRV55260,NO
PRV55261,NO
PRV55262,NO
PRV55263,NO
PRV55264,NO
PRV55265,NO
PRV55266,YES
PRV55267,NO
PRV55268,NO
PRV55269,NO
PRV55270,NO
PRV55271,NO
PRV55272,NO
PRV55273,NO
PRV55274,NO
PRV55275,NO
PRV55276,NO
PRV55277,NO
PRV55278,NO
PRV55279,NO
PRV55281,NO
PRV55283,NO
PRV55285,NO
PRV55286,NO
PRV55289,NO
PRV55291,NO
PRV55292,NO
PRV55293,NO
PRV55295,NO
PRV55296,NO
PRV55297,NO
PRV55298,NO
PRV55299,NO
PRV55300,NO
PRV55302,NO
PRV55304,NO
PRV55305,NO
PRV55306,NO
PRV55307,NO
PRV55309,NO
PRV55312,NO
PRV55313,NO
PRV55314,NO
PRV55316,NO
PRV55318,NO
PRV55319,NO
PRV55320,NO
PRV55322,NO
PRV55323,NO
PRV55324,NO
PRV55325,NO
PRV55326,NO
PRV55329,NO
PRV55330,NO
PRV55331,NO
PRV55333,NO
PRV55335,NO
PRV55337,NO
PRV55338,NO
PRV55339,NO
PRV55340,NO
PRV55341,NO
PRV55342,NO
PRV55343,NO
PRV55344,NO
PRV55345,NO
PRV55348,NO
PRV55350,NO
PRV55351,NO
PRV55352,NO
PRV55353,NO
PRV55354,NO
PRV55355,NO
PRV55356,NO
PRV55357,NO
PRV55358,NO
PRV55359,NO
PRV55360,NO
PRV55361,NO
PRV55362,NO
PRV55363,NO
PRV55364,NO
PRV55365,NO
PRV55366,NO
PRV55368,NO
PRV55371,NO
PRV55372,NO
PRV55374,YES
PRV55375,YES
PRV55376,NO
PRV55377,NO
PRV55378,NO
PRV55379,NO
PRV55381,NO
PRV55382,NO
PRV55383,NO
PRV55384,NO
PRV55385,NO
PRV55386,NO
PRV55387,NO
PRV55388,NO
PRV55390,NO
PRV55392,NO
PRV55395,NO
PRV55396,NO
PRV55397,NO
PRV55398,NO
PRV55399,NO
PRV55400,NO
PRV55401,NO
PRV55402,NO
PRV55404,NO
PRV55405,NO
PRV55408,NO
PRV55409,NO
PRV55410,NO
PRV55411,NO
PRV55412,NO
PRV55413,NO
PRV55414,NO
PRV55416,NO
PRV55417,NO
PRV55418,NO
PRV55419,NO
PRV55423,NO
PRV55424,NO
PRV55425,NO
PRV55426,NO
PRV55427,NO
PRV55428,NO
PRV55430,YES
PRV55431,NO
PRV55432,NO
PRV55433,YES
PRV55434,NO
PRV55435,YES
PRV55436,NO
PRV55437,YES
PRV55438,NO
PRV55439,NO
PRV55441,NO
PRV55442,NO
PRV55443,NO
PRV55444,YES
PRV55445,NO
PRV55446,NO
PRV55447,NO
PRV55448,NO
PRV55449,NO
PRV55450,NO
PRV55451,NO
PRV55452,NO
PRV55453,YES
PRV55454,NO
PRV55455,NO
PRV55456,NO
PRV55458,NO
PRV55459,NO
PRV55460,NO
PRV55462,YES
PRV55463,NO
PRV55464,NO
PRV55465,NO
PRV55467,YES
PRV55468,NO
PRV55469,NO
PRV55470,NO
PRV55471,NO
PRV55472,YES
PRV55473,NO
PRV55474,NO
PRV55475,NO
PRV55477,NO
PRV55479,NO
PRV55480,NO
PRV55481,NO
PRV55482,YES
PRV55483,YES
PRV55486,NO
PRV55487,NO
PRV55489,NO
PRV55490,NO
PRV55491,NO
PRV55492,YES
PRV55493,NO
PRV55494,NO
PRV55495,YES
PRV55496,YES
PRV55497,NO
PRV55498,NO
PRV55499,NO
PRV55500,NO
PRV55501,NO
PRV55503,NO
PRV55505,NO
PRV55506,YES
PRV55507,NO
PRV55508,NO
PRV55509,YES
PRV55510,NO
PRV55511,NO
PRV55512,NO
PRV55513,NO
PRV55514,YES
PRV55515,NO
PRV55516,NO
PRV55518,NO
PRV55519,YES
PRV55520,NO
PRV55521,NO
PRV55522,NO
PRV55523,NO
PRV55525,NO
PRV55527,NO
PRV55528,NO
PRV55530,NO
PRV55531,YES
PRV55534,NO
PRV55535,NO
PRV55536,NO
PRV55537,NO
PRV55538,NO
PRV55539,NO
PRV55540,NO
PRV55541,NO
PRV55543,NO
PRV55547,NO
PRV55548,NO
PRV55549,NO
PRV55550,YES
PRV55551,NO
PRV55552,NO
PRV55554,NO
PRV55555,NO
PRV55556,NO
PRV55557,NO
PRV55558,NO
PRV55560,NO
PRV55561,NO
PRV55562,NO
PRV55563,NO
PRV55564,NO
PRV55565,NO
PRV55566,NO
PRV55567,NO
PRV55569,NO
PRV55570,NO
PRV55571,NO
PRV55572,NO
PRV55573,NO
PRV55574,NO
PRV55575,NO
PRV55576,NO
PRV55577,NO
PRV55578,NO
PRV55579,NO
PRV55580,NO
PRV55581,NO
PRV55582,NO
PRV55583,NO
PRV55584,NO
PRV55585,NO
PRV55586,NO
PRV55587,NO
PRV55588,NO
PRV55589,NO
PRV55590,NO
PRV55591,NO
PRV55592,NO
PRV55593,NO
PRV55595,NO
PRV55596,NO
PRV55598,NO
PRV55599,NO
PRV55600,NO
PRV55601,NO
PRV55602,NO
PRV55603,NO
PRV55604,NO
PRV55606,NO
PRV55607,NO
PRV55608,NO
PRV55609,NO
PRV55610,NO
PRV55612,NO
PRV55613,NO
PRV55614,NO
PRV55615,NO
PRV55617,NO
PRV55618,NO
PRV55619,NO
PRV55620,NO
PRV55621,NO
PRV55622,NO
PRV55623,NO
PRV55624,NO
PRV55625,NO
PRV55626,NO
PRV55627,NO
PRV55631,NO
PRV55632,NO
PRV55633,NO
PRV55634,NO
PRV55635,NO
PRV55637,NO
PRV55638,NO
PRV55639,NO
PRV55640,NO
PRV55641,NO
PRV55642,NO
PRV55644,NO
PRV55646,NO
PRV55648,NO
PRV55649,NO
PRV55650,NO
PRV55652,NO
PRV55653,NO
PRV55654,NO
PRV55655,NO
PRV55656,NO
PRV55657,NO
PRV55658,NO
PRV55659,YES
PRV55660,NO
PRV55661,NO
PRV55662,NO
PRV55663,NO
PRV55664,NO
PRV55665,NO
PRV55666,NO
PRV55667,YES
PRV55668,NO
PRV55670,YES
PRV55671,NO
PRV55673,YES
PRV55674,NO
PRV55675,NO
PRV55676,YES
PRV55677,NO
PRV55678,NO
PRV55679,NO
PRV55680,NO
PRV55682,NO
PRV55683,NO
PRV55684,NO
PRV55687,NO
PRV55688,NO
PRV55689,YES
PRV55690,NO
PRV55691,NO
PRV55692,NO
PRV55695,NO
PRV55697,NO
PRV55699,NO
PRV55700,NO
PRV55701,NO
PRV55702,NO
PRV55703,NO
PRV55704,NO
PRV55705,NO
PRV55706,NO
PRV55707,NO
PRV55709,NO
PRV55710,NO
PRV55711,NO
PRV55712,NO
PRV55714,NO
PRV55715,YES
PRV55716,NO
PRV55717,NO
PRV55719,NO
PRV55720,NO
PRV55721,NO
PRV55723,NO
PRV55724,NO
PRV55726,NO
PRV55727,NO
PRV55728,NO
PRV55729,NO
PRV55731,NO
PRV55732,NO
PRV55733,NO
PRV55734,NO
PRV55735,NO
PRV55736,NO
PRV55737,NO
PRV55739,NO
PRV55740,NO
PRV55741,NO
PRV55742,NO
PRV55743,NO
PRV55744,NO
PRV55745,NO
PRV55748,NO
PRV55749,NO
PRV55750,NO
PRV55751,NO
PRV55752,NO
PRV55753,NO
PRV55754,NO
PRV55755,NO
PRV55759,NO
PRV55760,NO
PRV55761,NO
PRV55762,NO
PRV55763,NO
PRV55764,NO
PRV55765,NO
PRV55766,NO
PRV55767,NO
PRV55768,NO
PRV55769,NO
PRV55770,NO
PRV55771,NO
PRV55772,NO
PRV55774,NO
PRV55775,NO
PRV55776,NO
PRV55777,NO
PRV55778,NO
PRV55779,NO
PRV55780,NO
PRV55782,NO
PRV55783,NO
PRV55785,NO
PRV55786,NO
PRV55787,NO
PRV55788,NO
PRV55789,NO
PRV55790,NO
PRV55791,NO
PRV55792,NO
PRV55793,NO
PRV55794,NO
PRV55795,NO
PRV55796,NO
PRV55797,NO
PRV55798,NO
PRV55800,NO
PRV55801,NO
PRV55802,NO
PRV55803,NO
PRV55804,NO
PRV55805,NO
PRV55806,NO
PRV55807,NO
PRV55808,NO
PRV55809,NO
PRV55810,NO
PRV55811,NO
PRV55812,YES
PRV55813,NO
PRV55814,NO
PRV55815,NO
PRV55816,NO
PRV55817,NO
PRV55818,NO
PRV55819,NO
PRV55820,NO
PRV55821,YES
PRV55822,NO
PRV55826,NO
PRV55828,NO
PRV55830,NO
PRV55831,NO
PRV55832,NO
PRV55833,NO
PRV55834,NO
PRV55835,YES
PRV55836,NO
PRV55837,NO
PRV55839,NO
PRV55842,YES
PRV55843,NO
PRV55846,NO
PRV55847,NO
PRV55848,NO
PRV55849,YES
PRV55850,NO
PRV55851,NO
PRV55852,YES
PRV55854,NO
PRV55855,NO
PRV55856,NO
PRV55858,NO
PRV55859,NO
PRV55862,NO
PRV55863,NO
PRV55864,NO
PRV55865,NO
PRV55866,NO
PRV55867,NO
PRV55868,NO
PRV55869,NO
PRV55870,NO
PRV55871,NO
PRV55872,NO
PRV55873,NO
PRV55874,NO
PRV55875,NO
PRV55876,NO
PRV55877,NO
PRV55879,NO
PRV55880,NO
PRV55881,NO
PRV55882,NO
PRV55883,NO
PRV55884,NO
PRV55885,NO
PRV55886,NO
PRV55887,NO
PRV55891,NO
PRV55892,NO
PRV55893,YES
PRV55895,YES
PRV55896,YES
PRV55897,YES
PRV55898,NO
PRV55900,NO
PRV55901,NO
PRV55902,NO
PRV55903,NO
PRV55904,NO
PRV55905,YES
PRV55906,NO
PRV55907,NO
PRV55908,NO
PRV55909,NO
PRV55910,NO
PRV55911,YES
PRV55912,YES
PRV55913,YES
PRV55914,YES
PRV55915,NO
PRV55916,NO
PRV55917,NO
PRV55918,NO
PRV55919,NO
PRV55920,NO
PRV55921,NO
PRV55925,NO
PRV55926,NO
PRV55927,NO
PRV55928,NO
PRV55929,NO
PRV55930,NO
PRV55931,NO
PRV55933,NO
PRV55934,YES
PRV55935,NO
PRV55936,NO
PRV55937,NO
PRV55938,NO
PRV55939,NO
PRV55940,NO
PRV55941,NO
PRV55942,NO
PRV55943,NO
PRV55944,NO
PRV55945,NO
PRV55946,NO
PRV55948,NO
PRV55950,NO
PRV55951,YES
PRV55953,NO
PRV55955,NO
PRV55956,NO
PRV55957,YES
PRV55958,NO
PRV55959,YES
PRV55963,NO
PRV55964,NO
PRV55965,NO
PRV55966,NO
PRV55968,NO
PRV55969,NO
PRV55970,NO
PRV55971,YES
PRV55972,NO
PRV55974,NO
PRV55977,YES
PRV55978,NO
PRV55980,NO
PRV55981,NO
PRV55982,NO
PRV55983,NO
PRV55984,NO
PRV55985,NO
PRV55986,NO
PRV55989,NO
PRV55990,NO
PRV55991,NO
PRV55993,NO
PRV55995,NO
PRV55996,YES
PRV55997,NO
PRV55999,NO
PRV56001,NO
PRV56002,NO
PRV56003,NO
PRV56004,NO
PRV56005,NO
PRV56006,NO
PRV56007,YES
PRV56008,YES
PRV56010,NO
PRV56011,YES
PRV56012,YES
PRV56013,NO
PRV56014,NO
PRV56015,NO
PRV56016,NO
PRV56017,NO
PRV56018,NO
PRV56019,NO
PRV56020,NO
PRV56021,NO
PRV56023,YES
PRV56025,NO
PRV56026,NO
PRV56027,NO
PRV56028,NO
PRV56029,NO
PRV56030,NO
PRV56031,NO
PRV56032,NO
PRV56033,NO
PRV56034,NO
PRV56036,NO
PRV56037,NO
PRV56038,NO
PRV56039,NO
PRV56040,NO
PRV56041,NO
PRV56044,NO
PRV56045,NO
PRV56046,NO
PRV56047,NO
PRV56048,NO
PRV56049,NO
PRV56050,NO
PRV56051,NO
PRV56052,NO
PRV56054,NO
PRV56055,NO
PRV56056,NO
PRV56057,NO
PRV56058,NO
PRV56060,NO
PRV56062,NO
PRV56063,NO
PRV56065,NO
PRV56066,NO
PRV56067,NO
PRV56068,NO
PRV56071,NO
PRV56072,NO
PRV56073,NO
PRV56075,NO
PRV56076,NO
PRV56077,NO
PRV56078,NO
PRV56080,NO
PRV56083,NO
PRV56084,NO
PRV56086,NO
PRV56087,NO
PRV56088,NO
PRV56089,NO
PRV56090,NO
PRV56091,NO
PRV56092,NO
PRV56093,NO
PRV56094,NO
PRV56095,NO
PRV56098,NO
PRV56099,NO
PRV56101,NO
PRV56102,NO
PRV56103,YES
PRV56104,YES
PRV56105,NO
PRV56106,NO
PRV56108,NO
PRV56109,NO
PRV56111,NO
PRV56113,NO
PRV56114,NO
PRV56115,NO
PRV56116,NO
PRV56117,NO
PRV56118,NO
PRV56119,NO
PRV56120,NO
PRV56121,NO
PRV56122,NO
PRV56123,NO
PRV56124,NO
PRV56125,NO
PRV56126,NO
PRV56129,NO
PRV56130,NO
PRV56131,NO
PRV56133,NO
PRV56134,YES
PRV56135,NO
PRV56136,NO
PRV56137,NO
PRV56138,NO
PRV56139,NO
PRV56140,NO
PRV56141,NO
PRV56142,NO
PRV56143,NO
PRV56145,NO
PRV56146,NO
PRV56147,NO
PRV56148,NO
PRV56149,NO
PRV56151,NO
PRV56152,NO
PRV56153,NO
PRV56154,NO
PRV56156,NO
PRV56157,NO
PRV56158,NO
PRV56159,NO
PRV56161,YES
PRV56163,NO
PRV56164,NO
PRV56165,NO
PRV56166,NO
PRV56168,NO
PRV56169,NO
PRV56170,NO
PRV56171,NO
PRV56172,NO
PRV56173,NO
PRV56174,NO
PRV56176,NO
PRV56177,NO
PRV56179,NO
PRV56181,NO
PRV56182,NO
PRV56183,NO
PRV56184,NO
PRV56185,NO
PRV56186,NO
PRV56187,NO
PRV56189,NO
PRV56190,NO
PRV56191,NO
PRV56193,NO
PRV56194,NO
PRV56196,NO
PRV56198,NO
PRV56199,NO
PRV56200,NO
PRV56201,NO
PRV56202,NO
PRV56206,NO
PRV56207,NO
PRV56208,NO
PRV56209,NO
PRV56210,NO
PRV56211,NO
PRV56212,NO
PRV56213,NO
PRV56214,NO
PRV56216,NO
PRV56217,NO
PRV56218,NO
PRV56219,NO
PRV56220,NO
PRV56221,NO
PRV56222,NO
PRV56224,NO
PRV56225,YES
PRV56227,NO
PRV56228,NO
PRV56229,NO
PRV56231,YES
PRV56232,NO
PRV56233,NO
PRV56234,NO
PRV56235,NO
PRV56236,NO
PRV56237,NO
PRV56238,NO
PRV56239,NO
PRV56241,NO
PRV56242,NO
PRV56243,NO
PRV56245,NO
PRV56247,NO
PRV56248,NO
PRV56249,YES
PRV56251,NO
PRV56252,NO
PRV56253,YES
PRV56255,NO
PRV56256,NO
PRV56257,YES
PRV56258,NO
PRV56259,YES
PRV56260,NO
PRV56261,NO
PRV56262,NO
PRV56263,NO
PRV56264,NO
PRV56265,NO
PRV56266,NO
PRV56267,NO
PRV56268,YES
PRV56269,NO
PRV56270,NO
PRV56271,NO
PRV56272,NO
PRV56274,NO
PRV56275,NO
PRV56276,NO
PRV56277,NO
PRV56278,NO
PRV56279,NO
PRV56280,NO
PRV56281,NO
PRV56282,NO
PRV56283,NO
PRV56284,NO
PRV56285,NO
PRV56286,NO
PRV56287,NO
PRV56288,NO
PRV56289,NO
PRV56290,NO
PRV56291,NO
PRV56293,NO
PRV56295,NO
PRV56297,NO
PRV56299,NO
PRV56300,NO
PRV56301,NO
PRV56302,NO
PRV56303,NO
PRV56304,NO
PRV56305,NO
PRV56306,NO
PRV56307,NO
PRV56308,NO
PRV56309,NO
PRV56310,NO
PRV56311,NO
PRV56313,NO
PRV56314,NO
PRV56316,NO
PRV56317,NO
PRV56318,NO
PRV56319,NO
PRV56321,NO
PRV56322,NO
PRV56324,NO
PRV56328,NO
PRV56329,NO
PRV56330,NO
PRV56331,NO
PRV56333,NO
PRV56334,NO
PRV56335,NO
PRV56336,NO
PRV56337,NO
PRV56338,NO
PRV56339,NO
PRV56340,NO
PRV56341,NO
PRV56342,NO
PRV56344,NO
PRV56345,NO
PRV56346,NO
PRV56347,NO
PRV56348,NO
PRV56349,NO
PRV56350,YES
PRV56351,NO
PRV56352,NO
PRV56353,NO
PRV56354,NO
PRV56355,NO
PRV56357,NO
PRV56358,NO
PRV56360,NO
PRV56361,YES
PRV56362,NO
PRV56363,NO
PRV56364,NO
PRV56366,NO
PRV56367,NO
PRV56368,NO
PRV56369,NO
PRV56370,NO
PRV56373,NO
PRV56374,NO
PRV56375,NO
PRV56376,NO
PRV56377,NO
PRV56378,NO
PRV56379,NO
PRV56380,NO
PRV56381,NO
PRV56384,NO
PRV56385,NO
PRV56387,NO
PRV56388,NO
PRV56389,NO
PRV56390,NO
PRV56391,NO
PRV56392,YES
PRV56393,NO
PRV56394,NO
PRV56395,NO
PRV56396,YES
PRV56397,NO
PRV56398,NO
PRV56400,YES
PRV56401,NO
PRV56403,YES
PRV56404,NO
PRV56405,NO
PRV56406,NO
PRV56407,NO
PRV56408,NO
PRV56410,NO
PRV56411,NO
PRV56412,NO
PRV56413,NO
PRV56414,NO
PRV56415,NO
PRV56416,YES
PRV56417,NO
PRV56418,NO
PRV56421,YES
PRV56423,NO
PRV56425,YES
PRV56426,NO
PRV56427,NO
PRV56428,YES
PRV56430,NO
PRV56432,NO
PRV56433,NO
PRV56435,YES
PRV56437,YES
PRV56438,YES
PRV56439,NO
PRV56440,NO
PRV56441,NO
PRV56442,YES
PRV56444,YES
PRV56445,NO
PRV56447,YES
PRV56448,NO
PRV56449,NO
PRV56451,NO
PRV56452,NO
PRV56453,NO
PRV56454,NO
PRV56455,NO
PRV56456,NO
PRV56458,NO
PRV56461,NO
PRV56463,NO
PRV56464,NO
PRV56466,NO
PRV56467,NO
PRV56468,NO
PRV56469,NO
PRV56470,NO
PRV56471,NO
PRV56473,NO
PRV56474,NO
PRV56475,NO
PRV56476,NO
PRV56477,NO
PRV56478,NO
PRV56479,NO
PRV56480,NO
PRV56481,YES
PRV56482,NO
PRV56483,NO
PRV56484,NO
PRV56485,NO
PRV56486,NO
PRV56487,NO
PRV56489,NO
PRV56490,NO
PRV56494,NO
PRV56495,NO
PRV56496,NO
PRV56497,NO
PRV56498,NO
PRV56500,NO
PRV56501,YES
PRV56502,NO
PRV56504,NO
PRV56507,NO
PRV56508,NO
PRV56509,NO
PRV56510,NO
PRV56511,NO
PRV56512,NO
PRV56514,NO
PRV56515,NO
PRV56517,NO
PRV56518,NO
PRV56519,NO
PRV56521,NO
PRV56522,NO
PRV56523,YES
PRV56524,NO
PRV56525,NO
PRV56526,NO
PRV56527,NO
PRV56528,NO
PRV56529,NO
PRV56530,NO
PRV56531,NO
PRV56533,NO
PRV56535,NO
PRV56536,NO
PRV56537,NO
PRV56538,NO
PRV56539,NO
PRV56540,NO
PRV56541,YES
PRV56543,NO
PRV56544,NO
PRV56545,NO
PRV56546,NO
PRV56547,NO
PRV56548,NO
PRV56549,NO
PRV56550,YES
PRV56551,NO
PRV56552,NO
PRV56553,NO
PRV56554,NO
PRV56555,NO
PRV56556,NO
PRV56557,NO
PRV56559,NO
PRV56560,YES
PRV56562,NO
PRV56563,NO
PRV56566,YES
PRV56568,NO
PRV56570,NO
PRV56571,NO
PRV56572,NO
PRV56574,NO
PRV56575,YES
PRV56576,NO
PRV56577,NO
PRV56578,NO
PRV56579,NO
PRV56580,NO
PRV56581,NO
PRV56582,NO
PRV56583,NO
PRV56584,NO
PRV56585,NO
PRV56586,NO
PRV56587,YES
PRV56588,YES
PRV56589,NO
PRV56590,NO
PRV56591,YES
PRV56592,YES
PRV56593,NO
PRV56594,NO
PRV56595,NO
PRV56596,NO
PRV56597,NO
PRV56598,NO
PRV56601,NO
PRV56602,NO
PRV56603,NO
PRV56604,NO
PRV56605,YES
PRV56606,NO
PRV56607,NO
PRV56608,YES
PRV56610,NO
PRV56611,NO
PRV56613,NO
PRV56614,NO
PRV56615,NO
PRV56616,YES
PRV56618,NO
PRV56621,NO
PRV56622,NO
PRV56624,YES
PRV56625,NO
PRV56626,NO
PRV56628,NO
PRV56630,YES
PRV56632,NO
PRV56633,NO
PRV56634,NO
PRV56635,NO
PRV56637,NO
PRV56638,NO
PRV56639,NO
PRV56640,NO
PRV56641,NO
PRV56642,NO
PRV56643,NO
PRV56645,NO
PRV56647,YES
PRV56648,NO
PRV56649,YES
PRV56651,NO
PRV56653,NO
PRV56654,NO
PRV56655,NO
PRV56656,NO
PRV56657,NO
PRV56658,NO
PRV56659,NO
PRV56660,NO
PRV56662,NO
PRV56663,NO
PRV56664,NO
PRV56667,NO
PRV56668,YES
PRV56669,YES
PRV56671,NO
PRV56672,NO
PRV56673,NO
PRV56674,NO
PRV56675,NO
PRV56677,NO
PRV56679,NO
PRV56680,NO
PRV56681,NO
PRV56682,NO
PRV56683,NO
PRV56684,NO
PRV56685,YES
PRV56686,NO
PRV56687,NO
PRV56688,NO
PRV56689,YES
PRV56691,NO
PRV56693,NO
PRV56694,NO
PRV56696,NO
PRV56697,NO
PRV56699,NO
PRV56700,NO
PRV56701,NO
PRV56702,NO
PRV56703,NO
PRV56705,NO
PRV56706,YES
PRV56707,NO
PRV56708,NO
PRV56710,NO
PRV56711,YES
PRV56712,NO
PRV56713,NO
PRV56715,NO
PRV56716,NO
PRV56717,NO
PRV56718,NO
PRV56719,YES
PRV56720,NO
PRV56721,NO
PRV56722,NO
PRV56723,NO
PRV56724,NO
PRV56725,NO
PRV56726,NO
PRV56728,NO
PRV56729,NO
PRV56730,YES
PRV56731,YES
PRV56732,YES
PRV56733,NO
PRV56734,NO
PRV56735,NO
PRV56738,NO
PRV56739,NO
PRV56740,NO
PRV56741,NO
PRV56742,NO
PRV56743,NO
PRV56745,NO
PRV56746,NO
PRV56747,NO
PRV56748,YES
PRV56749,NO
PRV56750,NO
PRV56751,NO
PRV56752,NO
PRV56753,NO
PRV56754,NO
PRV56755,NO
PRV56758,NO
PRV56759,NO
PRV56760,NO
PRV56761,NO
PRV56762,NO
PRV56763,NO
PRV56764,NO
PRV56765,NO
PRV56766,NO
PRV56767,NO
PRV56768,NO
PRV56769,NO
PRV56771,NO
PRV56772,NO
PRV56773,NO
PRV56774,NO
PRV56775,NO
PRV56777,NO
PRV56778,NO
PRV56780,NO
PRV56782,NO
PRV56783,NO
PRV56784,NO
PRV56788,NO
PRV56789,NO
PRV56790,NO
PRV56791,NO
PRV56792,NO
PRV56793,NO
PRV56796,NO
PRV56797,NO
PRV56798,NO
PRV56800,NO
PRV56801,NO
PRV56802,NO
PRV56803,NO
PRV56805,NO
PRV56807,NO
PRV56808,YES
PRV56809,NO
PRV56810,NO
PRV56811,NO
PRV56813,NO
PRV56816,NO
PRV56818,NO
PRV56819,NO
PRV56820,NO
PRV56821,NO
PRV56823,NO
PRV56824,NO
PRV56826,NO
PRV56828,NO
PRV56829,NO
PRV56830,NO
PRV56831,NO
PRV56832,NO
PRV56833,NO
PRV56834,NO
PRV56835,NO
PRV56836,NO
PRV56837,NO
PRV56839,NO
PRV56840,NO
PRV56843,NO
PRV56845,NO
PRV56846,NO
PRV56850,NO
PRV56851,NO
PRV56852,NO
PRV56853,NO
PRV56854,NO
PRV56855,NO
PRV56856,NO
PRV56857,NO
PRV56858,NO
PRV56860,NO
PRV56861,NO
PRV56862,NO
PRV56863,NO
PRV56864,NO
PRV56866,NO
PRV56867,NO
PRV56868,NO
PRV56869,NO
PRV56870,NO
PRV56871,NO
PRV56873,NO
PRV56877,YES
PRV56878,NO
PRV56879,NO
PRV56880,NO
PRV56881,NO
PRV56882,NO
PRV56884,NO
PRV56885,NO
PRV56886,NO
PRV56887,NO
PRV56888,NO
PRV56889,NO
PRV56890,NO
PRV56891,NO
PRV56892,NO
PRV56893,NO
PRV56894,NO
PRV56895,NO
PRV56896,NO
PRV56897,NO
PRV56900,NO
PRV56901,NO
PRV56902,NO
PRV56903,NO
PRV56904,NO
PRV56905,NO
PRV56906,NO
PRV56907,NO
PRV56908,NO
PRV56909,NO
PRV56910,NO
PRV56912,NO
PRV56914,NO
PRV56915,NO
PRV56916,NO
PRV56917,NO
PRV56918,YES
PRV56919,NO
PRV56920,NO
PRV56923,NO
PRV56926,NO
PRV56928,NO
PRV56929,NO
PRV56930,NO
PRV56931,NO
PRV56932,NO
PRV56933,NO
PRV56934,NO
PRV56935,NO
PRV56937,NO
PRV56938,NO
PRV56939,NO
PRV56941,NO
PRV56942,NO
PRV56944,NO
PRV56945,NO
PRV56946,NO
PRV56947,NO
PRV56948,NO
PRV56949,NO
PRV56950,NO
PRV56951,NO
PRV56953,NO
PRV56954,NO
PRV56956,NO
PRV56957,NO
PRV56958,NO
PRV56960,NO
PRV56963,NO
PRV56964,NO
PRV56965,NO
PRV56966,NO
PRV56967,NO
PRV56969,NO
PRV56970,NO
PRV56971,NO
PRV56972,NO
PRV56973,NO
PRV56974,NO
PRV56976,NO
PRV56977,NO
PRV56978,NO
PRV56980,NO
PRV56981,NO
PRV56982,NO
PRV56984,NO
PRV56985,NO
PRV56986,NO
PRV56987,NO
PRV56988,NO
PRV56989,NO
PRV56990,NO
PRV56991,NO
PRV56992,NO
PRV56993,NO
PRV56995,NO
PRV56996,NO
PRV56997,NO
PRV56998,NO
PRV56999,NO
PRV57000,NO
PRV57002,NO
PRV57004,NO
PRV57005,NO
PRV57006,NO
PRV57010,NO
PRV57011,NO
PRV57013,NO
PRV57014,NO
PRV57015,NO
PRV57016,NO
PRV57017,YES
PRV57018,YES
PRV57020,NO
PRV57021,YES
PRV57023,NO
PRV57024,NO
PRV57025,YES
PRV57030,YES
PRV57031,NO
PRV57033,NO
PRV57034,NO
PRV57036,NO
PRV57038,NO
PRV57039,NO
PRV57041,NO
PRV57043,NO
PRV57046,NO
PRV57047,NO
PRV57048,NO
PRV57049,YES
PRV57051,NO
PRV57052,NO
PRV57053,NO
PRV57054,NO
PRV57056,NO
PRV57057,NO
PRV57058,NO
PRV57059,NO
PRV57061,NO
PRV57062,NO
PRV57063,NO
PRV57067,NO
PRV57069,NO
PRV57072,NO
PRV57073,NO
PRV57074,NO
PRV57075,NO
PRV57076,NO
PRV57077,NO
PRV57078,NO
PRV57080,NO
PRV57081,NO
PRV57082,NO
PRV57084,NO
PRV57085,NO
PRV57086,NO
PRV57087,NO
PRV57088,NO
PRV57089,NO
PRV57091,NO
PRV57092,NO
PRV57093,NO
PRV57094,NO
PRV57096,YES
PRV57097,NO
PRV57098,NO
PRV57099,NO
PRV57100,NO
PRV57101,NO
PRV57102,NO
PRV57103,YES
PRV57104,YES
PRV57105,NO
PRV57107,NO
PRV57108,NO
PRV57109,NO
PRV57110,NO
PRV57112,NO
PRV57113,NO
PRV57115,NO
PRV57116,NO
PRV57117,YES
PRV57118,NO
PRV57119,NO
PRV57120,NO
PRV57121,NO
PRV57122,NO
PRV57124,NO
PRV57125,NO
PRV57126,NO
PRV57127,NO
PRV57128,NO
PRV57129,NO
PRV57130,NO
PRV57131,NO
PRV57132,NO
PRV57133,NO
PRV57134,NO
PRV57136,NO
PRV57137,NO
PRV57138,NO
PRV57139,NO
PRV57140,NO
PRV57141,NO
PRV57142,NO
PRV57143,NO
PRV57144,NO
PRV57145,NO
PRV57146,NO
PRV57147,NO
PRV57148,NO
PRV57149,NO
PRV57150,NO
PRV57151,NO
PRV57152,NO
PRV57153,NO
PRV57154,NO
PRV57156,NO
PRV57157,NO
PRV57158,YES
PRV57159,NO
PRV57160,NO
PRV57161,NO
PRV57162,YES
PRV57165,NO
PRV57166,YES
PRV57167,YES
PRV57168,NO
PRV57169,NO
PRV57170,YES
PRV57171,NO
PRV57172,YES
PRV57173,YES
PRV57174,NO
PRV57175,NO
PRV57176,NO
PRV57177,YES
PRV57179,YES
PRV57181,NO
PRV57182,NO
PRV57183,NO
PRV57184,NO
PRV57185,YES
PRV57186,NO
PRV57187,NO
PRV57188,NO
PRV57189,YES
PRV57190,NO
PRV57191,YES
PRV57192,NO
PRV57193,NO
PRV57194,NO
PRV57196,NO
PRV57197,NO
PRV57198,NO
PRV57199,NO
PRV57200,NO
PRV57202,NO
PRV57203,NO
PRV57204,YES
PRV57205,NO
PRV57206,YES
PRV57207,NO
PRV57208,NO
PRV57209,YES
PRV57210,YES
PRV57211,NO
PRV57212,NO
PRV57213,NO
PRV57215,NO
PRV57216,NO
PRV57217,NO
PRV57218,NO
PRV57219,NO
PRV57223,YES
PRV57224,NO
PRV57225,NO
PRV57227,NO
PRV57228,NO
PRV57230,YES
PRV57231,NO
PRV57232,NO
PRV57233,NO
PRV57234,NO
PRV57235,NO
PRV57236,NO
PRV57238,NO
PRV57239,NO
PRV57240,NO
PRV57241,NO
PRV57242,NO
PRV57244,NO
PRV57245,NO
PRV57246,NO
PRV57247,NO
PRV57248,NO
PRV57250,NO
PRV57251,NO
PRV57252,NO
PRV57253,NO
PRV57255,NO
PRV57256,NO
PRV57257,NO
PRV57259,NO
PRV57261,NO
PRV57262,NO
PRV57263,NO
PRV57264,NO
PRV57265,NO
PRV57266,NO
PRV57269,NO
PRV57270,NO
PRV57272,NO
PRV57273,NO
PRV57274,NO
PRV57275,NO
PRV57276,NO
PRV57277,NO
PRV57278,NO
PRV57280,NO
PRV57282,YES
PRV57283,NO
PRV57284,YES
PRV57285,NO
PRV57286,NO
PRV57287,NO
PRV57288,NO
PRV57289,NO
PRV57290,NO
PRV57291,NO
PRV57293,NO
PRV57294,NO
PRV57295,YES
PRV57297,YES
PRV57298,NO
PRV57299,NO
PRV57301,NO
PRV57302,NO
PRV57303,NO
PRV57304,NO
PRV57305,NO
PRV57306,YES
PRV57307,NO
PRV57308,NO
PRV57309,NO
PRV57310,YES
PRV57311,NO
PRV57312,YES
PRV57313,NO
PRV57314,NO
PRV57315,NO
PRV57316,NO
PRV57317,YES
PRV57318,NO
PRV57319,NO
PRV57320,NO
PRV57321,NO
PRV57322,NO
PRV57324,NO
PRV57325,NO
PRV57326,NO
PRV57327,NO
PRV57328,NO
PRV57329,NO
PRV57330,NO
PRV57331,NO
PRV57332,NO
PRV57333,NO
PRV57334,NO
PRV57335,YES
PRV57336,NO
PRV57339,NO
PRV57340,NO
PRV57341,YES
PRV57343,NO
PRV57344,YES
PRV57345,YES
PRV57346,NO
PRV57347,NO
PRV57348,NO
PRV57350,NO
PRV57351,NO
PRV57352,NO
PRV57354,NO
PRV57355,NO
PRV57356,NO
PRV57357,NO
PRV57358,NO
PRV57359,NO
PRV57361,NO
PRV57363,NO
PRV57364,NO
PRV57365,NO
PRV57366,NO
PRV57367,NO
PRV57368,NO
PRV57369,NO
PRV57371,NO
PRV57372,NO
PRV57373,NO
PRV57374,NO
PRV57375,NO
PRV57376,NO
PRV57378,NO
PRV57379,NO
PRV57380,NO
PRV57381,NO
PRV57382,NO
PRV57385,NO
PRV57386,NO
PRV57388,NO
PRV57389,NO
PRV57390,NO
PRV57391,NO
PRV57392,NO
PRV57393,NO
PRV57394,NO
PRV57396,NO
PRV57397,NO
PRV57398,NO
PRV57399,NO
PRV57400,NO
PRV57401,NO
PRV57402,NO
PRV57403,NO
PRV57404,NO
PRV57405,NO
PRV57406,NO
PRV57407,NO
PRV57408,NO
PRV57409,YES
PRV57410,NO
PRV57411,NO
PRV57412,NO
PRV57413,NO
PRV57414,NO
PRV57415,NO
PRV57416,NO
PRV57417,NO
PRV57419,NO
PRV57421,NO
PRV57422,NO
PRV57423,NO
PRV57424,NO
PRV57425,YES
PRV57426,NO
PRV57427,NO
PRV57429,NO
PRV57431,NO
PRV57432,NO
PRV57433,NO
PRV57434,NO
PRV57435,NO
PRV57436,NO
PRV57437,NO
PRV57438,NO
PRV57440,NO
PRV57441,NO
PRV57443,NO
PRV57444,NO
PRV57445,NO
PRV57446,NO
PRV57447,NO
PRV57448,NO
PRV57449,NO
PRV57450,NO
PRV57452,NO
PRV57453,NO
PRV57454,NO
PRV57455,NO
PRV57456,NO
PRV57459,NO
PRV57460,NO
PRV57461,NO
PRV57462,NO
PRV57463,NO
PRV57464,NO
PRV57465,NO
PRV57467,NO
PRV57468,NO
PRV57469,NO
PRV57470,NO
PRV57471,NO
PRV57472,NO
PRV57473,NO
PRV57474,NO
PRV57475,NO
PRV57476,NO
PRV57477,NO
PRV57479,NO
PRV57481,YES
PRV57484,NO
PRV57485,NO
PRV57486,NO
PRV57487,NO
PRV57488,NO
PRV57489,NO
PRV57490,NO
PRV57491,NO
PRV57492,NO
PRV57495,YES
PRV57496,NO
PRV57499,NO
PRV57500,NO
PRV57501,NO
PRV57502,YES
PRV57504,NO
PRV57507,NO
PRV57509,NO
PRV57510,NO
PRV57512,NO
PRV57514,NO
PRV57515,NO
PRV57516,NO
PRV57517,NO
PRV57518,NO
PRV57519,NO
PRV57520,NO
PRV57521,NO
PRV57522,NO
PRV57523,NO
PRV57525,YES
PRV57526,NO
PRV57527,YES
PRV57528,YES
PRV57529,NO
PRV57530,NO
PRV57531,NO
PRV57532,NO
PRV57533,NO
PRV57534,NO
PRV57536,NO
PRV57539,NO
PRV57540,NO
PRV57541,NO
PRV57542,NO
PRV57543,YES
PRV57544,NO
PRV57545,NO
PRV57546,NO
PRV57547,YES
PRV57548,YES
PRV57549,NO
PRV57550,NO
PRV57551,NO
PRV57552,NO
PRV57553,NO
PRV57555,NO
PRV57557,NO
PRV57558,NO
PRV57560,NO
PRV57561,NO
PRV57563,NO
PRV57564,NO
PRV57565,NO
PRV57567,NO
PRV57568,NO
PRV57569,YES
PRV57570,NO
PRV57571,NO
PRV57572,NO
PRV57573,NO
PRV57574,NO
PRV57575,NO
PRV57576,NO
PRV57577,NO
PRV57578,NO
PRV57580,NO
PRV57581,NO
PRV57583,NO
PRV57584,NO
PRV57585,NO
PRV57586,NO
PRV57588,NO
PRV57590,NO
PRV57592,NO
PRV57593,NO
PRV57594,NO
PRV57595,NO
PRV57596,NO
PRV57597,NO
PRV57598,NO
PRV57599,NO
PRV57600,NO
PRV57601,NO
PRV57602,NO
PRV57603,NO
PRV57605,NO
PRV57609,NO
PRV57610,NO
PRV57611,NO
PRV57612,NO
PRV57613,NO
PRV57614,NO
PRV57615,NO
PRV57616,NO
PRV57617,NO
PRV57618,NO
PRV57619,NO
PRV57623,NO
PRV57624,NO
PRV57625,NO
PRV57626,NO
PRV57627,NO
PRV57629,NO
PRV57630,NO
PRV57631,YES
PRV57632,NO
PRV57633,NO
PRV57634,NO
PRV57635,NO
PRV57636,NO
PRV57638,NO
PRV57639,NO
PRV57640,NO
PRV57641,NO
PRV57642,YES
PRV57643,NO
PRV57645,NO
PRV57646,NO
PRV57647,NO
PRV57650,NO
PRV57651,NO
PRV57652,NO
PRV57653,NO
PRV57654,NO
PRV57655,NO
PRV57657,NO
PRV57658,NO
PRV57659,NO
PRV57660,NO
PRV57662,NO
PRV57663,NO
PRV57667,YES
PRV57668,NO
PRV57669,NO
PRV57670,NO
PRV57671,NO
PRV57672,YES
PRV57673,NO
PRV57674,NO
PRV57675,NO
PRV57676,NO
PRV57677,NO
PRV57678,NO
PRV57679,NO
PRV57680,NO
PRV57682,NO
PRV57683,NO
PRV57684,NO
PRV57686,NO
PRV57687,NO
PRV57688,NO
PRV57689,NO
PRV57690,NO
PRV57691,NO
PRV57692,NO
PRV57693,NO
PRV57694,NO
PRV57696,NO
PRV57697,YES
PRV57699,NO
PRV57700,NO
PRV57701,NO
PRV57702,NO
PRV57704,NO
PRV57705,NO
PRV57706,NO
PRV57707,NO
PRV57709,YES
PRV57710,NO
PRV57711,NO
PRV57712,NO
PRV57714,NO
PRV57715,NO
PRV57716,NO
PRV57717,NO
PRV57718,NO
PRV57719,NO
PRV57720,NO
PRV57721,NO
PRV57722,NO
PRV57723,NO
PRV57724,NO
PRV57725,NO
PRV57727,NO
PRV57728,NO
PRV57729,NO
PRV57730,NO
PRV57731,NO
PRV57732,NO
PRV57733,NO
PRV57734,NO
PRV57735,NO
PRV57736,NO
PRV57737,NO
PRV57738,NO
PRV57739,NO
PRV57740,NO
PRV57741,NO
PRV57742,NO
PRV57743,NO
PRV57744,NO
PRV57746,NO
PRV57747,NO
PRV57748,NO
PRV57751,NO
PRV57752,NO
PRV57753,NO
PRV57754,NO
PRV57755,NO
PRV57756,NO
PRV57757,NO
PRV57758,NO
PRV57759,NO
PRV57760,NO
PRV57761,NO
PRV57762,NO
PRV57763,NO
